id,question,category,expected_concepts,role,difficulty
behavioral_resolve_a_conflict_describe,Describe a time you had to resolve a conflict.,behavioral,specific situation|personal responsibility|actions taken|measurable result|lesson learned,HR,easy
behavioral_lead_a_team_describe,Describe a time you had to lead a team.,behavioral,specific situation|personal responsibility|actions taken|measurable result|lesson learned,HR,medium
behavioral_meet_a_deadline_describe,Describe a time you had to meet a deadline.,behavioral,specific situation|personal responsibility|actions taken|measurable result|lesson learned,HR,easy
behavioral_handle_criticism_describe,Describe a time you had to handle criticism.,behavioral,specific situation|personal responsibility|actions taken|measurable result|lesson learned,HR,medium
behavioral_adapt_to_change_describe,Describe a time you had to adapt to change.,behavioral,specific situation|personal responsibility|actions taken|measurable result|lesson learned,HR,easy
behavioral_make_a_tough_decision_describe,Describe a time you had to make a tough decision.,behavioral,specific situation|personal responsibility|actions taken|measurable result|lesson learned,HR,medium
behavioral_work_under_pressure_describe,Describe a time you had to work under pressure.,behavioral,specific situation|personal responsibility|actions taken|measurable result|lesson learned,HR,easy
behavioral_manage_multiple_tasks_describe,Describe a time you had to manage multiple tasks.,behavioral,specific situation|personal responsibility|actions taken|measurable result|lesson learned,HR,hard
behavioral_fail_at_something_describe,Describe a time you had to fail at something.,behavioral,specific situation|personal responsibility|actions taken|measurable result|lesson learned,HR,medium
behavioral_learn_a_new_skill_quickly_describe,Describe a time you had to learn a new skill quickly.,behavioral,specific situation|personal responsibility|actions taken|measurable result|lesson learned,HR,easy
behavioral_resolve_a_conflict_handle,How do you typically handle situations where you need to resolve a conflict?,behavioral,general approach|consistent strategy|example|outcome,HR,easy
behavioral_lead_a_team_handle,How do you typically handle situations where you need to lead a team?,behavioral,general approach|consistent strategy|example|outcome,HR,medium
behavioral_meet_a_deadline_handle,How do you typically handle situations where you need to meet a deadline?,behavioral,general approach|consistent strategy|example|outcome,HR,hard
behavioral_handle_criticism_handle,How do you typically handle situations where you need to handle criticism?,behavioral,general approach|consistent strategy|example|outcome,HR,hard
behavioral_adapt_to_change_handle,How do you typically handle situations where you need to adapt to change?,behavioral,general approach|consistent strategy|example|outcome,HR,easy
behavioral_make_a_tough_decision_handle,How do you typically handle situations where you need to make a tough decision?,behavioral,general approach|consistent strategy|example|outcome,HR,hard
behavioral_work_under_pressure_handle,How do you typically handle situations where you need to work under pressure?,behavioral,general approach|consistent strategy|example|outcome,HR,medium
behavioral_manage_multiple_tasks_handle,How do you typically handle situations where you need to manage multiple tasks?,behavioral,general approach|consistent strategy|example|outcome,HR,medium
behavioral_fail_at_something_handle,How do you typically handle situations where you need to fail at something?,behavioral,general approach|consistent strategy|example|outcome,HR,easy
behavioral_learn_a_new_skill_quickly_handle,How do you typically handle situations where you need to learn a new skill quickly?,behavioral,general approach|consistent strategy|example|outcome,HR,easy
behavioral_resolve_a_conflict_example,Give an example of a situation where you resolve a conflict.,behavioral,specific situation|actions taken|result,HR,medium
behavioral_lead_a_team_example,Give an example of a situation where you lead a team.,behavioral,specific situation|actions taken|result,HR,medium
behavioral_meet_a_deadline_example,Give an example of a situation where you meet a deadline.,behavioral,specific situation|actions taken|result,HR,medium
behavioral_handle_criticism_example,Give an example of a situation where you handle criticism.,behavioral,specific situation|actions taken|result,HR,hard
behavioral_adapt_to_change_example,Give an example of a situation where you adapt to change.,behavioral,specific situation|actions taken|result,HR,easy
behavioral_make_a_tough_decision_example,Give an example of a situation where you make a tough decision.,behavioral,specific situation|actions taken|result,HR,medium
behavioral_work_under_pressure_example,Give an example of a situation where you work under pressure.,behavioral,specific situation|actions taken|result,HR,medium
behavioral_manage_multiple_tasks_example,Give an example of a situation where you manage multiple tasks.,behavioral,specific situation|actions taken|result,HR,medium
behavioral_fail_at_something_example,Give an example of a situation where you fail at something.,behavioral,specific situation|actions taken|result,HR,hard
behavioral_learn_a_new_skill_quickly_example,Give an example of a situation where you learn a new skill quickly.,behavioral,specific situation|actions taken|result,HR,medium
behavioral_resolve_a_conflict_steps,What steps do you take to resolve a conflict?,behavioral,step-by-step process|reasoning|outcome,HR,hard
behavioral_lead_a_team_steps,What steps do you take to lead a team?,behavioral,step-by-step process|reasoning|outcome,HR,medium
behavioral_meet_a_deadline_steps,What steps do you take to meet a deadline?,behavioral,step-by-step process|reasoning|outcome,HR,hard
behavioral_handle_criticism_steps,What steps do you take to handle criticism?,behavioral,step-by-step process|reasoning|outcome,HR,hard
behavioral_adapt_to_change_steps,What steps do you take to adapt to change?,behavioral,step-by-step process|reasoning|outcome,HR,medium
behavioral_make_a_tough_decision_steps,What steps do you take to make a tough decision?,behavioral,step-by-step process|reasoning|outcome,HR,medium
behavioral_work_under_pressure_steps,What steps do you take to work under pressure?,behavioral,step-by-step process|reasoning|outcome,HR,hard
behavioral_manage_multiple_tasks_steps,What steps do you take to manage multiple tasks?,behavioral,step-by-step process|reasoning|outcome,HR,easy
behavioral_fail_at_something_steps,What steps do you take to fail at something?,behavioral,step-by-step process|reasoning|outcome,HR,medium
behavioral_learn_a_new_skill_quickly_steps,What steps do you take to learn a new skill quickly?,behavioral,step-by-step process|reasoning|outcome,HR,easy
behavioral_resolve_a_conflict_failed,Tell me about a time when you failed to resolve a conflict.,behavioral,situation|what went wrong|lesson learned|how approach changed,HR,hard
behavioral_lead_a_team_failed,Tell me about a time when you failed to lead a team.,behavioral,situation|what went wrong|lesson learned|how approach changed,HR,easy
behavioral_meet_a_deadline_failed,Tell me about a time when you failed to meet a deadline.,behavioral,situation|what went wrong|lesson learned|how approach changed,HR,easy
behavioral_handle_criticism_failed,Tell me about a time when you failed to handle criticism.,behavioral,situation|what went wrong|lesson learned|how approach changed,HR,hard
behavioral_adapt_to_change_failed,Tell me about a time when you failed to adapt to change.,behavioral,situation|what went wrong|lesson learned|how approach changed,HR,medium
behavioral_make_a_tough_decision_failed,Tell me about a time when you failed to make a tough decision.,behavioral,situation|what went wrong|lesson learned|how approach changed,HR,easy
behavioral_work_under_pressure_failed,Tell me about a time when you failed to work under pressure.,behavioral,situation|what went wrong|lesson learned|how approach changed,HR,easy
behavioral_manage_multiple_tasks_failed,Tell me about a time when you failed to manage multiple tasks.,behavioral,situation|what went wrong|lesson learned|how approach changed,HR,medium
behavioral_fail_at_something_failed,Tell me about a time when you failed to fail at something.,behavioral,situation|what went wrong|lesson learned|how approach changed,HR,easy
behavioral_learn_a_new_skill_quickly_failed,Tell me about a time when you failed to learn a new skill quickly.,behavioral,situation|what went wrong|lesson learned|how approach changed,HR,hard
behavioral_resolve_a_conflict_prioritize,How do you prioritize tasks when you need to resolve a conflict?,behavioral,prioritization criteria|reasoning|example|outcome,HR,medium
behavioral_lead_a_team_prioritize,How do you prioritize tasks when you need to lead a team?,behavioral,prioritization criteria|reasoning|example|outcome,HR,easy
behavioral_meet_a_deadline_prioritize,How do you prioritize tasks when you need to meet a deadline?,behavioral,prioritization criteria|reasoning|example|outcome,HR,hard
behavioral_handle_criticism_prioritize,How do you prioritize tasks when you need to handle criticism?,behavioral,prioritization criteria|reasoning|example|outcome,HR,medium
behavioral_adapt_to_change_prioritize,How do you prioritize tasks when you need to adapt to change?,behavioral,prioritization criteria|reasoning|example|outcome,HR,medium
behavioral_make_a_tough_decision_prioritize,How do you prioritize tasks when you need to make a tough decision?,behavioral,prioritization criteria|reasoning|example|outcome,HR,easy
behavioral_work_under_pressure_prioritize,How do you prioritize tasks when you need to work under pressure?,behavioral,prioritization criteria|reasoning|example|outcome,HR,easy
behavioral_manage_multiple_tasks_prioritize,How do you prioritize tasks when you need to manage multiple tasks?,behavioral,prioritization criteria|reasoning|example|outcome,HR,easy
behavioral_fail_at_something_prioritize,How do you prioritize tasks when you need to fail at something?,behavioral,prioritization criteria|reasoning|example|outcome,HR,hard
behavioral_learn_a_new_skill_quickly_prioritize,How do you prioritize tasks when you need to learn a new skill quickly?,behavioral,prioritization criteria|reasoning|example|outcome,HR,hard
technical_list_tuple_diff,Explain the difference between list and tuple.,technical,definition of list|definition of tuple|key differences|practical use cases|trade-offs,Software Engineer,medium
technical_list_array_diff,Explain the difference between list and array.,technical,definition of list|definition of array|key differences|practical use cases|trade-offs,Software Engineer,medium
technical_list_hashmap_diff,Explain the difference between list and hashmap.,technical,definition of list|definition of hashmap|key differences|practical use cases|trade-offs,Software Engineer,medium
technical_list_recursion_diff,Explain the difference between list and recursion.,technical,definition of list|definition of recursion|key differences|practical use cases|trade-offs,Software Engineer,easy
technical_list_inheritance_diff,Explain the difference between list and inheritance.,technical,definition of list|definition of inheritance|key differences|practical use cases|trade-offs,Software Engineer,hard
technical_list_encapsulation_diff,Explain the difference between list and encapsulation.,technical,definition of list|definition of encapsulation|key differences|practical use cases|trade-offs,Software Engineer,hard
technical_list_polymorphism_diff,Explain the difference between list and polymorphism.,technical,definition of list|definition of polymorphism|key differences|practical use cases|trade-offs,Software Engineer,easy
technical_list_pointers_diff,Explain the difference between list and pointers.,technical,definition of list|definition of pointers|key differences|practical use cases|trade-offs,Software Engineer,medium
technical_list_rest_api_diff,Explain the difference between list and REST API.,technical,definition of list|definition of REST API|key differences|practical use cases|trade-offs,Software Engineer,hard
technical_list_sql_injection_diff,Explain the difference between list and SQL injection.,technical,definition of list|definition of SQL injection|key differences|practical use cases|trade-offs,Software Engineer,easy
technical_list_multithreading_diff,Explain the difference between list and multithreading.,technical,definition of list|definition of multithreading|key differences|practical use cases|trade-offs,Software Engineer,medium
technical_list_deadlock_diff,Explain the difference between list and deadlock.,technical,definition of list|definition of deadlock|key differences|practical use cases|trade-offs,Software Engineer,hard
technical_list_garbage_collection_diff,Explain the difference between list and garbage collection.,technical,definition of list|definition of garbage collection|key differences|practical use cases|trade-offs,Software Engineer,hard
technical_list_big_o_notation_diff,Explain the difference between list and Big O notation.,technical,definition of list|definition of Big O notation|key differences|practical use cases|trade-offs,Software Engineer,easy
technical_list_stack_diff,Explain the difference between list and stack.,technical,definition of list|definition of stack|key differences|practical use cases|trade-offs,Software Engineer,medium
technical_list_queue_diff,Explain the difference between list and queue.,technical,definition of list|definition of queue|key differences|practical use cases|trade-offs,Software Engineer,medium
technical_list_dictionary_diff,Explain the difference between list and dictionary.,technical,definition of list|definition of dictionary|key differences|practical use cases|trade-offs,Software Engineer,hard
technical_list_lambda_function_diff,Explain the difference between list and lambda function.,technical,definition of list|definition of lambda function|key differences|practical use cases|trade-offs,Software Engineer,hard
technical_list_virtual_memory_diff,Explain the difference between list and virtual memory.,technical,definition of list|definition of virtual memory|key differences|practical use cases|trade-offs,Software Engineer,medium
technical_list_exception_handling_diff,Explain the difference between list and exception handling.,technical,definition of list|definition of exception handling|key differences|practical use cases|trade-offs,Software Engineer,easy
technical_list_binary_search_diff,Explain the difference between list and binary search.,technical,definition of list|definition of binary search|key differences|practical use cases|trade-offs,Software Engineer,medium
technical_list_linked_list_diff,Explain the difference between list and linked list.,technical,definition of list|definition of linked list|key differences|practical use cases|trade-offs,Software Engineer,hard
technical_list_merge_sort_diff,Explain the difference between list and merge sort.,technical,definition of list|definition of merge sort|key differences|practical use cases|trade-offs,Software Engineer,easy
technical_list_interface_diff,Explain the difference between list and interface.,technical,definition of list|definition of interface|key differences|practical use cases|trade-offs,Software Engineer,hard
technical_tuple_array_diff,Explain the difference between tuple and array.,technical,definition of tuple|definition of array|key differences|practical use cases|trade-offs,Software Engineer,hard
technical_tuple_hashmap_diff,Explain the difference between tuple and hashmap.,technical,definition of tuple|definition of hashmap|key differences|practical use cases|trade-offs,Software Engineer,medium
technical_tuple_recursion_diff,Explain the difference between tuple and recursion.,technical,definition of tuple|definition of recursion|key differences|practical use cases|trade-offs,Software Engineer,hard
technical_tuple_inheritance_diff,Explain the difference between tuple and inheritance.,technical,definition of tuple|definition of inheritance|key differences|practical use cases|trade-offs,Software Engineer,easy
technical_tuple_encapsulation_diff,Explain the difference between tuple and encapsulation.,technical,definition of tuple|definition of encapsulation|key differences|practical use cases|trade-offs,Software Engineer,easy
technical_tuple_polymorphism_diff,Explain the difference between tuple and polymorphism.,technical,definition of tuple|definition of polymorphism|key differences|practical use cases|trade-offs,Software Engineer,easy
technical_tuple_pointers_diff,Explain the difference between tuple and pointers.,technical,definition of tuple|definition of pointers|key differences|practical use cases|trade-offs,Software Engineer,easy
technical_tuple_rest_api_diff,Explain the difference between tuple and REST API.,technical,definition of tuple|definition of REST API|key differences|practical use cases|trade-offs,Software Engineer,hard
technical_tuple_sql_injection_diff,Explain the difference between tuple and SQL injection.,technical,definition of tuple|definition of SQL injection|key differences|practical use cases|trade-offs,Software Engineer,hard
technical_tuple_multithreading_diff,Explain the difference between tuple and multithreading.,technical,definition of tuple|definition of multithreading|key differences|practical use cases|trade-offs,Software Engineer,hard
technical_tuple_deadlock_diff,Explain the difference between tuple and deadlock.,technical,definition of tuple|definition of deadlock|key differences|practical use cases|trade-offs,Software Engineer,easy
technical_tuple_garbage_collection_diff,Explain the difference between tuple and garbage collection.,technical,definition of tuple|definition of garbage collection|key differences|practical use cases|trade-offs,Software Engineer,hard
technical_tuple_big_o_notation_diff,Explain the difference between tuple and Big O notation.,technical,definition of tuple|definition of Big O notation|key differences|practical use cases|trade-offs,Software Engineer,medium
technical_tuple_stack_diff,Explain the difference between tuple and stack.,technical,definition of tuple|definition of stack|key differences|practical use cases|trade-offs,Software Engineer,easy
technical_tuple_queue_diff,Explain the difference between tuple and queue.,technical,definition of tuple|definition of queue|key differences|practical use cases|trade-offs,Software Engineer,medium
technical_tuple_dictionary_diff,Explain the difference between tuple and dictionary.,technical,definition of tuple|definition of dictionary|key differences|practical use cases|trade-offs,Software Engineer,hard
technical_tuple_lambda_function_diff,Explain the difference between tuple and lambda function.,technical,definition of tuple|definition of lambda function|key differences|practical use cases|trade-offs,Software Engineer,hard
technical_tuple_virtual_memory_diff,Explain the difference between tuple and virtual memory.,technical,definition of tuple|definition of virtual memory|key differences|practical use cases|trade-offs,Software Engineer,hard
technical_tuple_exception_handling_diff,Explain the difference between tuple and exception handling.,technical,definition of tuple|definition of exception handling|key differences|practical use cases|trade-offs,Software Engineer,hard
technical_tuple_binary_search_diff,Explain the difference between tuple and binary search.,technical,definition of tuple|definition of binary search|key differences|practical use cases|trade-offs,Software Engineer,hard
technical_tuple_linked_list_diff,Explain the difference between tuple and linked list.,technical,definition of tuple|definition of linked list|key differences|practical use cases|trade-offs,Software Engineer,medium
technical_tuple_merge_sort_diff,Explain the difference between tuple and merge sort.,technical,definition of tuple|definition of merge sort|key differences|practical use cases|trade-offs,Software Engineer,medium
technical_tuple_interface_diff,Explain the difference between tuple and interface.,technical,definition of tuple|definition of interface|key differences|practical use cases|trade-offs,Software Engineer,hard
technical_array_hashmap_diff,Explain the difference between array and hashmap.,technical,definition of array|definition of hashmap|key differences|practical use cases|trade-offs,Software Engineer,hard
technical_array_recursion_diff,Explain the difference between array and recursion.,technical,definition of array|definition of recursion|key differences|practical use cases|trade-offs,Software Engineer,medium
technical_array_inheritance_diff,Explain the difference between array and inheritance.,technical,definition of array|definition of inheritance|key differences|practical use cases|trade-offs,Software Engineer,easy
technical_array_encapsulation_diff,Explain the difference between array and encapsulation.,technical,definition of array|definition of encapsulation|key differences|practical use cases|trade-offs,Software Engineer,medium
technical_array_polymorphism_diff,Explain the difference between array and polymorphism.,technical,definition of array|definition of polymorphism|key differences|practical use cases|trade-offs,Software Engineer,hard
technical_array_pointers_diff,Explain the difference between array and pointers.,technical,definition of array|definition of pointers|key differences|practical use cases|trade-offs,Software Engineer,easy
technical_array_rest_api_diff,Explain the difference between array and REST API.,technical,definition of array|definition of REST API|key differences|practical use cases|trade-offs,Software Engineer,medium
technical_array_sql_injection_diff,Explain the difference between array and SQL injection.,technical,definition of array|definition of SQL injection|key differences|practical use cases|trade-offs,Software Engineer,hard
technical_array_multithreading_diff,Explain the difference between array and multithreading.,technical,definition of array|definition of multithreading|key differences|practical use cases|trade-offs,Software Engineer,hard
technical_array_deadlock_diff,Explain the difference between array and deadlock.,technical,definition of array|definition of deadlock|key differences|practical use cases|trade-offs,Software Engineer,medium
technical_array_garbage_collection_diff,Explain the difference between array and garbage collection.,technical,definition of array|definition of garbage collection|key differences|practical use cases|trade-offs,Software Engineer,easy
technical_array_big_o_notation_diff,Explain the difference between array and Big O notation.,technical,definition of array|definition of Big O notation|key differences|practical use cases|trade-offs,Software Engineer,easy
technical_array_stack_diff,Explain the difference between array and stack.,technical,definition of array|definition of stack|key differences|practical use cases|trade-offs,Software Engineer,easy
technical_array_queue_diff,Explain the difference between array and queue.,technical,definition of array|definition of queue|key differences|practical use cases|trade-offs,Software Engineer,medium
technical_array_dictionary_diff,Explain the difference between array and dictionary.,technical,definition of array|definition of dictionary|key differences|practical use cases|trade-offs,Software Engineer,hard
technical_array_lambda_function_diff,Explain the difference between array and lambda function.,technical,definition of array|definition of lambda function|key differences|practical use cases|trade-offs,Software Engineer,medium
technical_array_virtual_memory_diff,Explain the difference between array and virtual memory.,technical,definition of array|definition of virtual memory|key differences|practical use cases|trade-offs,Software Engineer,hard
technical_array_exception_handling_diff,Explain the difference between array and exception handling.,technical,definition of array|definition of exception handling|key differences|practical use cases|trade-offs,Software Engineer,hard
technical_array_binary_search_diff,Explain the difference between array and binary search.,technical,definition of array|definition of binary search|key differences|practical use cases|trade-offs,Software Engineer,medium
technical_array_linked_list_diff,Explain the difference between array and linked list.,technical,definition of array|definition of linked list|key differences|practical use cases|trade-offs,Software Engineer,medium
technical_array_merge_sort_diff,Explain the difference between array and merge sort.,technical,definition of array|definition of merge sort|key differences|practical use cases|trade-offs,Software Engineer,easy
technical_array_interface_diff,Explain the difference between array and interface.,technical,definition of array|definition of interface|key differences|practical use cases|trade-offs,Software Engineer,hard
technical_hashmap_recursion_diff,Explain the difference between hashmap and recursion.,technical,definition of hashmap|definition of recursion|key differences|practical use cases|trade-offs,Software Engineer,hard
technical_hashmap_inheritance_diff,Explain the difference between hashmap and inheritance.,technical,definition of hashmap|definition of inheritance|key differences|practical use cases|trade-offs,Software Engineer,medium
technical_hashmap_encapsulation_diff,Explain the difference between hashmap and encapsulation.,technical,definition of hashmap|definition of encapsulation|key differences|practical use cases|trade-offs,Software Engineer,medium
technical_hashmap_polymorphism_diff,Explain the difference between hashmap and polymorphism.,technical,definition of hashmap|definition of polymorphism|key differences|practical use cases|trade-offs,Software Engineer,hard
technical_hashmap_pointers_diff,Explain the difference between hashmap and pointers.,technical,definition of hashmap|definition of pointers|key differences|practical use cases|trade-offs,Software Engineer,hard
technical_hashmap_rest_api_diff,Explain the difference between hashmap and REST API.,technical,definition of hashmap|definition of REST API|key differences|practical use cases|trade-offs,Software Engineer,medium
technical_hashmap_sql_injection_diff,Explain the difference between hashmap and SQL injection.,technical,definition of hashmap|definition of SQL injection|key differences|practical use cases|trade-offs,Software Engineer,hard
technical_hashmap_multithreading_diff,Explain the difference between hashmap and multithreading.,technical,definition of hashmap|definition of multithreading|key differences|practical use cases|trade-offs,Software Engineer,hard
technical_hashmap_deadlock_diff,Explain the difference between hashmap and deadlock.,technical,definition of hashmap|definition of deadlock|key differences|practical use cases|trade-offs,Software Engineer,medium
technical_hashmap_garbage_collection_diff,Explain the difference between hashmap and garbage collection.,technical,definition of hashmap|definition of garbage collection|key differences|practical use cases|trade-offs,Software Engineer,medium
technical_hashmap_big_o_notation_diff,Explain the difference between hashmap and Big O notation.,technical,definition of hashmap|definition of Big O notation|key differences|practical use cases|trade-offs,Software Engineer,hard
technical_hashmap_stack_diff,Explain the difference between hashmap and stack.,technical,definition of hashmap|definition of stack|key differences|practical use cases|trade-offs,Software Engineer,easy
technical_hashmap_queue_diff,Explain the difference between hashmap and queue.,technical,definition of hashmap|definition of queue|key differences|practical use cases|trade-offs,Software Engineer,hard
technical_hashmap_dictionary_diff,Explain the difference between hashmap and dictionary.,technical,definition of hashmap|definition of dictionary|key differences|practical use cases|trade-offs,Software Engineer,hard
technical_hashmap_lambda_function_diff,Explain the difference between hashmap and lambda function.,technical,definition of hashmap|definition of lambda function|key differences|practical use cases|trade-offs,Software Engineer,medium
technical_hashmap_virtual_memory_diff,Explain the difference between hashmap and virtual memory.,technical,definition of hashmap|definition of virtual memory|key differences|practical use cases|trade-offs,Software Engineer,medium
technical_hashmap_exception_handling_diff,Explain the difference between hashmap and exception handling.,technical,definition of hashmap|definition of exception handling|key differences|practical use cases|trade-offs,Software Engineer,medium
technical_hashmap_binary_search_diff,Explain the difference between hashmap and binary search.,technical,definition of hashmap|definition of binary search|key differences|practical use cases|trade-offs,Software Engineer,medium
technical_hashmap_linked_list_diff,Explain the difference between hashmap and linked list.,technical,definition of hashmap|definition of linked list|key differences|practical use cases|trade-offs,Software Engineer,hard
technical_hashmap_merge_sort_diff,Explain the difference between hashmap and merge sort.,technical,definition of hashmap|definition of merge sort|key differences|practical use cases|trade-offs,Software Engineer,hard
technical_hashmap_interface_diff,Explain the difference between hashmap and interface.,technical,definition of hashmap|definition of interface|key differences|practical use cases|trade-offs,Software Engineer,hard
technical_recursion_inheritance_diff,Explain the difference between recursion and inheritance.,technical,definition of recursion|definition of inheritance|key differences|practical use cases|trade-offs,Software Engineer,hard
technical_recursion_encapsulation_diff,Explain the difference between recursion and encapsulation.,technical,definition of recursion|definition of encapsulation|key differences|practical use cases|trade-offs,Software Engineer,medium
technical_recursion_polymorphism_diff,Explain the difference between recursion and polymorphism.,technical,definition of recursion|definition of polymorphism|key differences|practical use cases|trade-offs,Software Engineer,easy
technical_recursion_pointers_diff,Explain the difference between recursion and pointers.,technical,definition of recursion|definition of pointers|key differences|practical use cases|trade-offs,Software Engineer,hard
technical_recursion_rest_api_diff,Explain the difference between recursion and REST API.,technical,definition of recursion|definition of REST API|key differences|practical use cases|trade-offs,Software Engineer,medium
technical_recursion_sql_injection_diff,Explain the difference between recursion and SQL injection.,technical,definition of recursion|definition of SQL injection|key differences|practical use cases|trade-offs,Software Engineer,easy
technical_recursion_multithreading_diff,Explain the difference between recursion and multithreading.,technical,definition of recursion|definition of multithreading|key differences|practical use cases|trade-offs,Software Engineer,easy
technical_recursion_deadlock_diff,Explain the difference between recursion and deadlock.,technical,definition of recursion|definition of deadlock|key differences|practical use cases|trade-offs,Software Engineer,hard
technical_recursion_garbage_collection_diff,Explain the difference between recursion and garbage collection.,technical,definition of recursion|definition of garbage collection|key differences|practical use cases|trade-offs,Software Engineer,easy
technical_recursion_big_o_notation_diff,Explain the difference between recursion and Big O notation.,technical,definition of recursion|definition of Big O notation|key differences|practical use cases|trade-offs,Software Engineer,easy
technical_recursion_stack_diff,Explain the difference between recursion and stack.,technical,definition of recursion|definition of stack|key differences|practical use cases|trade-offs,Software Engineer,medium
technical_recursion_queue_diff,Explain the difference between recursion and queue.,technical,definition of recursion|definition of queue|key differences|practical use cases|trade-offs,Software Engineer,medium
technical_recursion_dictionary_diff,Explain the difference between recursion and dictionary.,technical,definition of recursion|definition of dictionary|key differences|practical use cases|trade-offs,Software Engineer,easy
technical_recursion_lambda_function_diff,Explain the difference between recursion and lambda function.,technical,definition of recursion|definition of lambda function|key differences|practical use cases|trade-offs,Software Engineer,medium
technical_recursion_virtual_memory_diff,Explain the difference between recursion and virtual memory.,technical,definition of recursion|definition of virtual memory|key differences|practical use cases|trade-offs,Software Engineer,hard
technical_recursion_exception_handling_diff,Explain the difference between recursion and exception handling.,technical,definition of recursion|definition of exception handling|key differences|practical use cases|trade-offs,Software Engineer,medium
technical_recursion_binary_search_diff,Explain the difference between recursion and binary search.,technical,definition of recursion|definition of binary search|key differences|practical use cases|trade-offs,Software Engineer,easy
technical_recursion_linked_list_diff,Explain the difference between recursion and linked list.,technical,definition of recursion|definition of linked list|key differences|practical use cases|trade-offs,Software Engineer,medium
technical_recursion_merge_sort_diff,Explain the difference between recursion and merge sort.,technical,definition of recursion|definition of merge sort|key differences|practical use cases|trade-offs,Software Engineer,easy
technical_recursion_interface_diff,Explain the difference between recursion and interface.,technical,definition of recursion|definition of interface|key differences|practical use cases|trade-offs,Software Engineer,easy
technical_inheritance_encapsulation_diff,Explain the difference between inheritance and encapsulation.,technical,definition of inheritance|definition of encapsulation|key differences|practical use cases|trade-offs,Software Engineer,medium
technical_inheritance_polymorphism_diff,Explain the difference between inheritance and polymorphism.,technical,definition of inheritance|definition of polymorphism|key differences|practical use cases|trade-offs,Software Engineer,easy
technical_inheritance_pointers_diff,Explain the difference between inheritance and pointers.,technical,definition of inheritance|definition of pointers|key differences|practical use cases|trade-offs,Software Engineer,medium
technical_inheritance_rest_api_diff,Explain the difference between inheritance and REST API.,technical,definition of inheritance|definition of REST API|key differences|practical use cases|trade-offs,Software Engineer,medium
technical_inheritance_sql_injection_diff,Explain the difference between inheritance and SQL injection.,technical,definition of inheritance|definition of SQL injection|key differences|practical use cases|trade-offs,Software Engineer,medium
technical_inheritance_multithreading_diff,Explain the difference between inheritance and multithreading.,technical,definition of inheritance|definition of multithreading|key differences|practical use cases|trade-offs,Software Engineer,medium
technical_inheritance_deadlock_diff,Explain the difference between inheritance and deadlock.,technical,definition of inheritance|definition of deadlock|key differences|practical use cases|trade-offs,Software Engineer,easy
technical_inheritance_garbage_collection_diff,Explain the difference between inheritance and garbage collection.,technical,definition of inheritance|definition of garbage collection|key differences|practical use cases|trade-offs,Software Engineer,hard
technical_inheritance_big_o_notation_diff,Explain the difference between inheritance and Big O notation.,technical,definition of inheritance|definition of Big O notation|key differences|practical use cases|trade-offs,Software Engineer,hard
technical_inheritance_stack_diff,Explain the difference between inheritance and stack.,technical,definition of inheritance|definition of stack|key differences|practical use cases|trade-offs,Software Engineer,medium
technical_inheritance_queue_diff,Explain the difference between inheritance and queue.,technical,definition of inheritance|definition of queue|key differences|practical use cases|trade-offs,Software Engineer,easy
technical_inheritance_dictionary_diff,Explain the difference between inheritance and dictionary.,technical,definition of inheritance|definition of dictionary|key differences|practical use cases|trade-offs,Software Engineer,easy
technical_inheritance_lambda_function_diff,Explain the difference between inheritance and lambda function.,technical,definition of inheritance|definition of lambda function|key differences|practical use cases|trade-offs,Software Engineer,medium
technical_inheritance_virtual_memory_diff,Explain the difference between inheritance and virtual memory.,technical,definition of inheritance|definition of virtual memory|key differences|practical use cases|trade-offs,Software Engineer,easy
technical_inheritance_exception_handling_diff,Explain the difference between inheritance and exception handling.,technical,definition of inheritance|definition of exception handling|key differences|practical use cases|trade-offs,Software Engineer,hard
technical_inheritance_binary_search_diff,Explain the difference between inheritance and binary search.,technical,definition of inheritance|definition of binary search|key differences|practical use cases|trade-offs,Software Engineer,easy
technical_inheritance_linked_list_diff,Explain the difference between inheritance and linked list.,technical,definition of inheritance|definition of linked list|key differences|practical use cases|trade-offs,Software Engineer,easy
technical_inheritance_merge_sort_diff,Explain the difference between inheritance and merge sort.,technical,definition of inheritance|definition of merge sort|key differences|practical use cases|trade-offs,Software Engineer,easy
technical_inheritance_interface_diff,Explain the difference between inheritance and interface.,technical,definition of inheritance|definition of interface|key differences|practical use cases|trade-offs,Software Engineer,easy
technical_encapsulation_polymorphism_diff,Explain the difference between encapsulation and polymorphism.,technical,definition of encapsulation|definition of polymorphism|key differences|practical use cases|trade-offs,Software Engineer,hard
technical_encapsulation_pointers_diff,Explain the difference between encapsulation and pointers.,technical,definition of encapsulation|definition of pointers|key differences|practical use cases|trade-offs,Software Engineer,easy
technical_encapsulation_rest_api_diff,Explain the difference between encapsulation and REST API.,technical,definition of encapsulation|definition of REST API|key differences|practical use cases|trade-offs,Software Engineer,medium
technical_encapsulation_sql_injection_diff,Explain the difference between encapsulation and SQL injection.,technical,definition of encapsulation|definition of SQL injection|key differences|practical use cases|trade-offs,Software Engineer,easy
technical_encapsulation_multithreading_diff,Explain the difference between encapsulation and multithreading.,technical,definition of encapsulation|definition of multithreading|key differences|practical use cases|trade-offs,Software Engineer,medium
technical_encapsulation_deadlock_diff,Explain the difference between encapsulation and deadlock.,technical,definition of encapsulation|definition of deadlock|key differences|practical use cases|trade-offs,Software Engineer,easy
technical_encapsulation_garbage_collection_diff,Explain the difference between encapsulation and garbage collection.,technical,definition of encapsulation|definition of garbage collection|key differences|practical use cases|trade-offs,Software Engineer,hard
technical_encapsulation_big_o_notation_diff,Explain the difference between encapsulation and Big O notation.,technical,definition of encapsulation|definition of Big O notation|key differences|practical use cases|trade-offs,Software Engineer,easy
technical_encapsulation_stack_diff,Explain the difference between encapsulation and stack.,technical,definition of encapsulation|definition of stack|key differences|practical use cases|trade-offs,Software Engineer,hard
technical_encapsulation_queue_diff,Explain the difference between encapsulation and queue.,technical,definition of encapsulation|definition of queue|key differences|practical use cases|trade-offs,Software Engineer,hard
technical_encapsulation_dictionary_diff,Explain the difference between encapsulation and dictionary.,technical,definition of encapsulation|definition of dictionary|key differences|practical use cases|trade-offs,Software Engineer,easy
technical_encapsulation_lambda_function_diff,Explain the difference between encapsulation and lambda function.,technical,definition of encapsulation|definition of lambda function|key differences|practical use cases|trade-offs,Software Engineer,hard
technical_encapsulation_virtual_memory_diff,Explain the difference between encapsulation and virtual memory.,technical,definition of encapsulation|definition of virtual memory|key differences|practical use cases|trade-offs,Software Engineer,hard
technical_encapsulation_exception_handling_diff,Explain the difference between encapsulation and exception handling.,technical,definition of encapsulation|definition of exception handling|key differences|practical use cases|trade-offs,Software Engineer,medium
technical_encapsulation_binary_search_diff,Explain the difference between encapsulation and binary search.,technical,definition of encapsulation|definition of binary search|key differences|practical use cases|trade-offs,Software Engineer,hard
technical_encapsulation_linked_list_diff,Explain the difference between encapsulation and linked list.,technical,definition of encapsulation|definition of linked list|key differences|practical use cases|trade-offs,Software Engineer,easy
technical_encapsulation_merge_sort_diff,Explain the difference between encapsulation and merge sort.,technical,definition of encapsulation|definition of merge sort|key differences|practical use cases|trade-offs,Software Engineer,easy
technical_encapsulation_interface_diff,Explain the difference between encapsulation and interface.,technical,definition of encapsulation|definition of interface|key differences|practical use cases|trade-offs,Software Engineer,medium
technical_polymorphism_pointers_diff,Explain the difference between polymorphism and pointers.,technical,definition of polymorphism|definition of pointers|key differences|practical use cases|trade-offs,Software Engineer,easy
technical_polymorphism_rest_api_diff,Explain the difference between polymorphism and REST API.,technical,definition of polymorphism|definition of REST API|key differences|practical use cases|trade-offs,Software Engineer,hard
technical_polymorphism_sql_injection_diff,Explain the difference between polymorphism and SQL injection.,technical,definition of polymorphism|definition of SQL injection|key differences|practical use cases|trade-offs,Software Engineer,easy
technical_polymorphism_multithreading_diff,Explain the difference between polymorphism and multithreading.,technical,definition of polymorphism|definition of multithreading|key differences|practical use cases|trade-offs,Software Engineer,hard
technical_polymorphism_deadlock_diff,Explain the difference between polymorphism and deadlock.,technical,definition of polymorphism|definition of deadlock|key differences|practical use cases|trade-offs,Software Engineer,medium
technical_polymorphism_garbage_collection_diff,Explain the difference between polymorphism and garbage collection.,technical,definition of polymorphism|definition of garbage collection|key differences|practical use cases|trade-offs,Software Engineer,hard
technical_polymorphism_big_o_notation_diff,Explain the difference between polymorphism and Big O notation.,technical,definition of polymorphism|definition of Big O notation|key differences|practical use cases|trade-offs,Software Engineer,hard
technical_polymorphism_stack_diff,Explain the difference between polymorphism and stack.,technical,definition of polymorphism|definition of stack|key differences|practical use cases|trade-offs,Software Engineer,easy
technical_polymorphism_queue_diff,Explain the difference between polymorphism and queue.,technical,definition of polymorphism|definition of queue|key differences|practical use cases|trade-offs,Software Engineer,hard
technical_polymorphism_dictionary_diff,Explain the difference between polymorphism and dictionary.,technical,definition of polymorphism|definition of dictionary|key differences|practical use cases|trade-offs,Software Engineer,medium
technical_polymorphism_lambda_function_diff,Explain the difference between polymorphism and lambda function.,technical,definition of polymorphism|definition of lambda function|key differences|practical use cases|trade-offs,Software Engineer,medium
technical_polymorphism_virtual_memory_diff,Explain the difference between polymorphism and virtual memory.,technical,definition of polymorphism|definition of virtual memory|key differences|practical use cases|trade-offs,Software Engineer,hard
technical_polymorphism_exception_handling_diff,Explain the difference between polymorphism and exception handling.,technical,definition of polymorphism|definition of exception handling|key differences|practical use cases|trade-offs,Software Engineer,medium
technical_polymorphism_binary_search_diff,Explain the difference between polymorphism and binary search.,technical,definition of polymorphism|definition of binary search|key differences|practical use cases|trade-offs,Software Engineer,easy
technical_polymorphism_linked_list_diff,Explain the difference between polymorphism and linked list.,technical,definition of polymorphism|definition of linked list|key differences|practical use cases|trade-offs,Software Engineer,easy
technical_polymorphism_merge_sort_diff,Explain the difference between polymorphism and merge sort.,technical,definition of polymorphism|definition of merge sort|key differences|practical use cases|trade-offs,Software Engineer,medium
technical_polymorphism_interface_diff,Explain the difference between polymorphism and interface.,technical,definition of polymorphism|definition of interface|key differences|practical use cases|trade-offs,Software Engineer,medium
technical_pointers_rest_api_diff,Explain the difference between pointers and REST API.,technical,definition of pointers|definition of REST API|key differences|practical use cases|trade-offs,Software Engineer,medium
technical_pointers_sql_injection_diff,Explain the difference between pointers and SQL injection.,technical,definition of pointers|definition of SQL injection|key differences|practical use cases|trade-offs,Software Engineer,hard
technical_pointers_multithreading_diff,Explain the difference between pointers and multithreading.,technical,definition of pointers|definition of multithreading|key differences|practical use cases|trade-offs,Software Engineer,hard
technical_pointers_deadlock_diff,Explain the difference between pointers and deadlock.,technical,definition of pointers|definition of deadlock|key differences|practical use cases|trade-offs,Software Engineer,hard
technical_pointers_garbage_collection_diff,Explain the difference between pointers and garbage collection.,technical,definition of pointers|definition of garbage collection|key differences|practical use cases|trade-offs,Software Engineer,medium
technical_pointers_big_o_notation_diff,Explain the difference between pointers and Big O notation.,technical,definition of pointers|definition of Big O notation|key differences|practical use cases|trade-offs,Software Engineer,easy
technical_pointers_stack_diff,Explain the difference between pointers and stack.,technical,definition of pointers|definition of stack|key differences|practical use cases|trade-offs,Software Engineer,medium
technical_pointers_queue_diff,Explain the difference between pointers and queue.,technical,definition of pointers|definition of queue|key differences|practical use cases|trade-offs,Software Engineer,medium
technical_pointers_dictionary_diff,Explain the difference between pointers and dictionary.,technical,definition of pointers|definition of dictionary|key differences|practical use cases|trade-offs,Software Engineer,hard
technical_pointers_lambda_function_diff,Explain the difference between pointers and lambda function.,technical,definition of pointers|definition of lambda function|key differences|practical use cases|trade-offs,Software Engineer,hard
technical_pointers_virtual_memory_diff,Explain the difference between pointers and virtual memory.,technical,definition of pointers|definition of virtual memory|key differences|practical use cases|trade-offs,Software Engineer,medium
technical_pointers_exception_handling_diff,Explain the difference between pointers and exception handling.,technical,definition of pointers|definition of exception handling|key differences|practical use cases|trade-offs,Software Engineer,medium
technical_pointers_binary_search_diff,Explain the difference between pointers and binary search.,technical,definition of pointers|definition of binary search|key differences|practical use cases|trade-offs,Software Engineer,easy
technical_pointers_linked_list_diff,Explain the difference between pointers and linked list.,technical,definition of pointers|definition of linked list|key differences|practical use cases|trade-offs,Software Engineer,medium
technical_pointers_merge_sort_diff,Explain the difference between pointers and merge sort.,technical,definition of pointers|definition of merge sort|key differences|practical use cases|trade-offs,Software Engineer,easy
technical_pointers_interface_diff,Explain the difference between pointers and interface.,technical,definition of pointers|definition of interface|key differences|practical use cases|trade-offs,Software Engineer,easy
technical_rest_api_sql_injection_diff,Explain the difference between REST API and SQL injection.,technical,definition of REST API|definition of SQL injection|key differences|practical use cases|trade-offs,Software Engineer,easy
technical_rest_api_multithreading_diff,Explain the difference between REST API and multithreading.,technical,definition of REST API|definition of multithreading|key differences|practical use cases|trade-offs,Software Engineer,medium
technical_rest_api_deadlock_diff,Explain the difference between REST API and deadlock.,technical,definition of REST API|definition of deadlock|key differences|practical use cases|trade-offs,Software Engineer,medium
technical_rest_api_garbage_collection_diff,Explain the difference between REST API and garbage collection.,technical,definition of REST API|definition of garbage collection|key differences|practical use cases|trade-offs,Software Engineer,easy
technical_rest_api_big_o_notation_diff,Explain the difference between REST API and Big O notation.,technical,definition of REST API|definition of Big O notation|key differences|practical use cases|trade-offs,Software Engineer,easy
technical_rest_api_stack_diff,Explain the difference between REST API and stack.,technical,definition of REST API|definition of stack|key differences|practical use cases|trade-offs,Software Engineer,hard
technical_rest_api_queue_diff,Explain the difference between REST API and queue.,technical,definition of REST API|definition of queue|key differences|practical use cases|trade-offs,Software Engineer,hard
technical_rest_api_dictionary_diff,Explain the difference between REST API and dictionary.,technical,definition of REST API|definition of dictionary|key differences|practical use cases|trade-offs,Software Engineer,hard
technical_rest_api_lambda_function_diff,Explain the difference between REST API and lambda function.,technical,definition of REST API|definition of lambda function|key differences|practical use cases|trade-offs,Software Engineer,easy
technical_rest_api_virtual_memory_diff,Explain the difference between REST API and virtual memory.,technical,definition of REST API|definition of virtual memory|key differences|practical use cases|trade-offs,Software Engineer,medium
technical_rest_api_exception_handling_diff,Explain the difference between REST API and exception handling.,technical,definition of REST API|definition of exception handling|key differences|practical use cases|trade-offs,Software Engineer,medium
technical_rest_api_binary_search_diff,Explain the difference between REST API and binary search.,technical,definition of REST API|definition of binary search|key differences|practical use cases|trade-offs,Software Engineer,medium
technical_rest_api_linked_list_diff,Explain the difference between REST API and linked list.,technical,definition of REST API|definition of linked list|key differences|practical use cases|trade-offs,Software Engineer,hard
technical_rest_api_merge_sort_diff,Explain the difference between REST API and merge sort.,technical,definition of REST API|definition of merge sort|key differences|practical use cases|trade-offs,Software Engineer,easy
technical_rest_api_interface_diff,Explain the difference between REST API and interface.,technical,definition of REST API|definition of interface|key differences|practical use cases|trade-offs,Software Engineer,easy
technical_sql_injection_multithreading_diff,Explain the difference between SQL injection and multithreading.,technical,definition of SQL injection|definition of multithreading|key differences|practical use cases|trade-offs,Software Engineer,hard
technical_sql_injection_deadlock_diff,Explain the difference between SQL injection and deadlock.,technical,definition of SQL injection|definition of deadlock|key differences|practical use cases|trade-offs,Software Engineer,hard
technical_sql_injection_garbage_collection_diff,Explain the difference between SQL injection and garbage collection.,technical,definition of SQL injection|definition of garbage collection|key differences|practical use cases|trade-offs,Software Engineer,hard
technical_sql_injection_big_o_notation_diff,Explain the difference between SQL injection and Big O notation.,technical,definition of SQL injection|definition of Big O notation|key differences|practical use cases|trade-offs,Software Engineer,easy
technical_sql_injection_stack_diff,Explain the difference between SQL injection and stack.,technical,definition of SQL injection|definition of stack|key differences|practical use cases|trade-offs,Software Engineer,medium
technical_sql_injection_queue_diff,Explain the difference between SQL injection and queue.,technical,definition of SQL injection|definition of queue|key differences|practical use cases|trade-offs,Software Engineer,hard
technical_sql_injection_dictionary_diff,Explain the difference between SQL injection and dictionary.,technical,definition of SQL injection|definition of dictionary|key differences|practical use cases|trade-offs,Software Engineer,easy
technical_sql_injection_lambda_function_diff,Explain the difference between SQL injection and lambda function.,technical,definition of SQL injection|definition of lambda function|key differences|practical use cases|trade-offs,Software Engineer,hard
technical_sql_injection_virtual_memory_diff,Explain the difference between SQL injection and virtual memory.,technical,definition of SQL injection|definition of virtual memory|key differences|practical use cases|trade-offs,Software Engineer,easy
technical_sql_injection_exception_handling_diff,Explain the difference between SQL injection and exception handling.,technical,definition of SQL injection|definition of exception handling|key differences|practical use cases|trade-offs,Software Engineer,easy
technical_sql_injection_binary_search_diff,Explain the difference between SQL injection and binary search.,technical,definition of SQL injection|definition of binary search|key differences|practical use cases|trade-offs,Software Engineer,medium
technical_sql_injection_linked_list_diff,Explain the difference between SQL injection and linked list.,technical,definition of SQL injection|definition of linked list|key differences|practical use cases|trade-offs,Software Engineer,easy
technical_sql_injection_merge_sort_diff,Explain the difference between SQL injection and merge sort.,technical,definition of SQL injection|definition of merge sort|key differences|practical use cases|trade-offs,Software Engineer,easy
technical_sql_injection_interface_diff,Explain the difference between SQL injection and interface.,technical,definition of SQL injection|definition of interface|key differences|practical use cases|trade-offs,Software Engineer,easy
technical_multithreading_deadlock_diff,Explain the difference between multithreading and deadlock.,technical,definition of multithreading|definition of deadlock|key differences|practical use cases|trade-offs,Software Engineer,easy
technical_multithreading_garbage_collection_diff,Explain the difference between multithreading and garbage collection.,technical,definition of multithreading|definition of garbage collection|key differences|practical use cases|trade-offs,Software Engineer,medium
technical_multithreading_big_o_notation_diff,Explain the difference between multithreading and Big O notation.,technical,definition of multithreading|definition of Big O notation|key differences|practical use cases|trade-offs,Software Engineer,medium
technical_multithreading_stack_diff,Explain the difference between multithreading and stack.,technical,definition of multithreading|definition of stack|key differences|practical use cases|trade-offs,Software Engineer,easy
technical_multithreading_queue_diff,Explain the difference between multithreading and queue.,technical,definition of multithreading|definition of queue|key differences|practical use cases|trade-offs,Software Engineer,easy
technical_multithreading_dictionary_diff,Explain the difference between multithreading and dictionary.,technical,definition of multithreading|definition of dictionary|key differences|practical use cases|trade-offs,Software Engineer,hard
technical_multithreading_lambda_function_diff,Explain the difference between multithreading and lambda function.,technical,definition of multithreading|definition of lambda function|key differences|practical use cases|trade-offs,Software Engineer,medium
technical_multithreading_virtual_memory_diff,Explain the difference between multithreading and virtual memory.,technical,definition of multithreading|definition of virtual memory|key differences|practical use cases|trade-offs,Software Engineer,medium
technical_multithreading_exception_handling_diff,Explain the difference between multithreading and exception handling.,technical,definition of multithreading|definition of exception handling|key differences|practical use cases|trade-offs,Software Engineer,hard
technical_multithreading_binary_search_diff,Explain the difference between multithreading and binary search.,technical,definition of multithreading|definition of binary search|key differences|practical use cases|trade-offs,Software Engineer,easy
technical_multithreading_linked_list_diff,Explain the difference between multithreading and linked list.,technical,definition of multithreading|definition of linked list|key differences|practical use cases|trade-offs,Software Engineer,medium
technical_multithreading_merge_sort_diff,Explain the difference between multithreading and merge sort.,technical,definition of multithreading|definition of merge sort|key differences|practical use cases|trade-offs,Software Engineer,easy
technical_multithreading_interface_diff,Explain the difference between multithreading and interface.,technical,definition of multithreading|definition of interface|key differences|practical use cases|trade-offs,Software Engineer,easy
technical_deadlock_garbage_collection_diff,Explain the difference between deadlock and garbage collection.,technical,definition of deadlock|definition of garbage collection|key differences|practical use cases|trade-offs,Software Engineer,medium
technical_deadlock_big_o_notation_diff,Explain the difference between deadlock and Big O notation.,technical,definition of deadlock|definition of Big O notation|key differences|practical use cases|trade-offs,Software Engineer,medium
technical_deadlock_stack_diff,Explain the difference between deadlock and stack.,technical,definition of deadlock|definition of stack|key differences|practical use cases|trade-offs,Software Engineer,medium
technical_deadlock_queue_diff,Explain the difference between deadlock and queue.,technical,definition of deadlock|definition of queue|key differences|practical use cases|trade-offs,Software Engineer,medium
technical_deadlock_dictionary_diff,Explain the difference between deadlock and dictionary.,technical,definition of deadlock|definition of dictionary|key differences|practical use cases|trade-offs,Software Engineer,easy
technical_deadlock_lambda_function_diff,Explain the difference between deadlock and lambda function.,technical,definition of deadlock|definition of lambda function|key differences|practical use cases|trade-offs,Software Engineer,hard
technical_deadlock_virtual_memory_diff,Explain the difference between deadlock and virtual memory.,technical,definition of deadlock|definition of virtual memory|key differences|practical use cases|trade-offs,Software Engineer,easy
technical_deadlock_exception_handling_diff,Explain the difference between deadlock and exception handling.,technical,definition of deadlock|definition of exception handling|key differences|practical use cases|trade-offs,Software Engineer,easy
technical_deadlock_binary_search_diff,Explain the difference between deadlock and binary search.,technical,definition of deadlock|definition of binary search|key differences|practical use cases|trade-offs,Software Engineer,hard
technical_deadlock_linked_list_diff,Explain the difference between deadlock and linked list.,technical,definition of deadlock|definition of linked list|key differences|practical use cases|trade-offs,Software Engineer,hard
technical_deadlock_merge_sort_diff,Explain the difference between deadlock and merge sort.,technical,definition of deadlock|definition of merge sort|key differences|practical use cases|trade-offs,Software Engineer,easy
technical_deadlock_interface_diff,Explain the difference between deadlock and interface.,technical,definition of deadlock|definition of interface|key differences|practical use cases|trade-offs,Software Engineer,hard
technical_garbage_collection_big_o_notation_diff,Explain the difference between garbage collection and Big O notation.,technical,definition of garbage collection|definition of Big O notation|key differences|practical use cases|trade-offs,Software Engineer,hard
technical_garbage_collection_stack_diff,Explain the difference between garbage collection and stack.,technical,definition of garbage collection|definition of stack|key differences|practical use cases|trade-offs,Software Engineer,easy
technical_garbage_collection_queue_diff,Explain the difference between garbage collection and queue.,technical,definition of garbage collection|definition of queue|key differences|practical use cases|trade-offs,Software Engineer,hard
technical_garbage_collection_dictionary_diff,Explain the difference between garbage collection and dictionary.,technical,definition of garbage collection|definition of dictionary|key differences|practical use cases|trade-offs,Software Engineer,easy
technical_garbage_collection_lambda_function_diff,Explain the difference between garbage collection and lambda function.,technical,definition of garbage collection|definition of lambda function|key differences|practical use cases|trade-offs,Software Engineer,easy
technical_garbage_collection_virtual_memory_diff,Explain the difference between garbage collection and virtual memory.,technical,definition of garbage collection|definition of virtual memory|key differences|practical use cases|trade-offs,Software Engineer,hard
technical_garbage_collection_exception_handling_diff,Explain the difference between garbage collection and exception handling.,technical,definition of garbage collection|definition of exception handling|key differences|practical use cases|trade-offs,Software Engineer,medium
technical_garbage_collection_binary_search_diff,Explain the difference between garbage collection and binary search.,technical,definition of garbage collection|definition of binary search|key differences|practical use cases|trade-offs,Software Engineer,medium
technical_garbage_collection_linked_list_diff,Explain the difference between garbage collection and linked list.,technical,definition of garbage collection|definition of linked list|key differences|practical use cases|trade-offs,Software Engineer,easy
technical_garbage_collection_merge_sort_diff,Explain the difference between garbage collection and merge sort.,technical,definition of garbage collection|definition of merge sort|key differences|practical use cases|trade-offs,Software Engineer,hard
technical_garbage_collection_interface_diff,Explain the difference between garbage collection and interface.,technical,definition of garbage collection|definition of interface|key differences|practical use cases|trade-offs,Software Engineer,medium
technical_big_o_notation_stack_diff,Explain the difference between Big O notation and stack.,technical,definition of Big O notation|definition of stack|key differences|practical use cases|trade-offs,Software Engineer,hard
technical_big_o_notation_queue_diff,Explain the difference between Big O notation and queue.,technical,definition of Big O notation|definition of queue|key differences|practical use cases|trade-offs,Software Engineer,medium
technical_big_o_notation_dictionary_diff,Explain the difference between Big O notation and dictionary.,technical,definition of Big O notation|definition of dictionary|key differences|practical use cases|trade-offs,Software Engineer,easy
technical_big_o_notation_lambda_function_diff,Explain the difference between Big O notation and lambda function.,technical,definition of Big O notation|definition of lambda function|key differences|practical use cases|trade-offs,Software Engineer,medium
technical_big_o_notation_virtual_memory_diff,Explain the difference between Big O notation and virtual memory.,technical,definition of Big O notation|definition of virtual memory|key differences|practical use cases|trade-offs,Software Engineer,medium
technical_big_o_notation_exception_handling_diff,Explain the difference between Big O notation and exception handling.,technical,definition of Big O notation|definition of exception handling|key differences|practical use cases|trade-offs,Software Engineer,easy
technical_big_o_notation_binary_search_diff,Explain the difference between Big O notation and binary search.,technical,definition of Big O notation|definition of binary search|key differences|practical use cases|trade-offs,Software Engineer,hard
technical_big_o_notation_linked_list_diff,Explain the difference between Big O notation and linked list.,technical,definition of Big O notation|definition of linked list|key differences|practical use cases|trade-offs,Software Engineer,hard
technical_big_o_notation_merge_sort_diff,Explain the difference between Big O notation and merge sort.,technical,definition of Big O notation|definition of merge sort|key differences|practical use cases|trade-offs,Software Engineer,medium
technical_big_o_notation_interface_diff,Explain the difference between Big O notation and interface.,technical,definition of Big O notation|definition of interface|key differences|practical use cases|trade-offs,Software Engineer,easy
technical_stack_queue_diff,Explain the difference between stack and queue.,technical,definition of stack|definition of queue|key differences|practical use cases|trade-offs,Software Engineer,medium
technical_stack_dictionary_diff,Explain the difference between stack and dictionary.,technical,definition of stack|definition of dictionary|key differences|practical use cases|trade-offs,Software Engineer,medium
technical_stack_lambda_function_diff,Explain the difference between stack and lambda function.,technical,definition of stack|definition of lambda function|key differences|practical use cases|trade-offs,Software Engineer,hard
technical_stack_virtual_memory_diff,Explain the difference between stack and virtual memory.,technical,definition of stack|definition of virtual memory|key differences|practical use cases|trade-offs,Software Engineer,hard
technical_stack_exception_handling_diff,Explain the difference between stack and exception handling.,technical,definition of stack|definition of exception handling|key differences|practical use cases|trade-offs,Software Engineer,easy
technical_stack_binary_search_diff,Explain the difference between stack and binary search.,technical,definition of stack|definition of binary search|key differences|practical use cases|trade-offs,Software Engineer,hard
technical_stack_linked_list_diff,Explain the difference between stack and linked list.,technical,definition of stack|definition of linked list|key differences|practical use cases|trade-offs,Software Engineer,medium
technical_stack_merge_sort_diff,Explain the difference between stack and merge sort.,technical,definition of stack|definition of merge sort|key differences|practical use cases|trade-offs,Software Engineer,easy
technical_stack_interface_diff,Explain the difference between stack and interface.,technical,definition of stack|definition of interface|key differences|practical use cases|trade-offs,Software Engineer,hard
technical_queue_dictionary_diff,Explain the difference between queue and dictionary.,technical,definition of queue|definition of dictionary|key differences|practical use cases|trade-offs,Software Engineer,easy
technical_queue_lambda_function_diff,Explain the difference between queue and lambda function.,technical,definition of queue|definition of lambda function|key differences|practical use cases|trade-offs,Software Engineer,hard
technical_queue_virtual_memory_diff,Explain the difference between queue and virtual memory.,technical,definition of queue|definition of virtual memory|key differences|practical use cases|trade-offs,Software Engineer,medium
technical_queue_exception_handling_diff,Explain the difference between queue and exception handling.,technical,definition of queue|definition of exception handling|key differences|practical use cases|trade-offs,Software Engineer,medium
technical_queue_binary_search_diff,Explain the difference between queue and binary search.,technical,definition of queue|definition of binary search|key differences|practical use cases|trade-offs,Software Engineer,easy
technical_queue_linked_list_diff,Explain the difference between queue and linked list.,technical,definition of queue|definition of linked list|key differences|practical use cases|trade-offs,Software Engineer,medium
technical_queue_merge_sort_diff,Explain the difference between queue and merge sort.,technical,definition of queue|definition of merge sort|key differences|practical use cases|trade-offs,Software Engineer,easy
technical_queue_interface_diff,Explain the difference between queue and interface.,technical,definition of queue|definition of interface|key differences|practical use cases|trade-offs,Software Engineer,easy
technical_dictionary_lambda_function_diff,Explain the difference between dictionary and lambda function.,technical,definition of dictionary|definition of lambda function|key differences|practical use cases|trade-offs,Software Engineer,hard
technical_dictionary_virtual_memory_diff,Explain the difference between dictionary and virtual memory.,technical,definition of dictionary|definition of virtual memory|key differences|practical use cases|trade-offs,Software Engineer,easy
technical_dictionary_exception_handling_diff,Explain the difference between dictionary and exception handling.,technical,definition of dictionary|definition of exception handling|key differences|practical use cases|trade-offs,Software Engineer,medium
technical_dictionary_binary_search_diff,Explain the difference between dictionary and binary search.,technical,definition of dictionary|definition of binary search|key differences|practical use cases|trade-offs,Software Engineer,easy
technical_dictionary_linked_list_diff,Explain the difference between dictionary and linked list.,technical,definition of dictionary|definition of linked list|key differences|practical use cases|trade-offs,Software Engineer,easy
technical_dictionary_merge_sort_diff,Explain the difference between dictionary and merge sort.,technical,definition of dictionary|definition of merge sort|key differences|practical use cases|trade-offs,Software Engineer,medium
technical_dictionary_interface_diff,Explain the difference between dictionary and interface.,technical,definition of dictionary|definition of interface|key differences|practical use cases|trade-offs,Software Engineer,medium
technical_lambda_function_virtual_memory_diff,Explain the difference between lambda function and virtual memory.,technical,definition of lambda function|definition of virtual memory|key differences|practical use cases|trade-offs,Software Engineer,easy
technical_lambda_function_exception_handling_diff,Explain the difference between lambda function and exception handling.,technical,definition of lambda function|definition of exception handling|key differences|practical use cases|trade-offs,Software Engineer,medium
technical_lambda_function_binary_search_diff,Explain the difference between lambda function and binary search.,technical,definition of lambda function|definition of binary search|key differences|practical use cases|trade-offs,Software Engineer,easy
technical_lambda_function_linked_list_diff,Explain the difference between lambda function and linked list.,technical,definition of lambda function|definition of linked list|key differences|practical use cases|trade-offs,Software Engineer,hard
technical_lambda_function_merge_sort_diff,Explain the difference between lambda function and merge sort.,technical,definition of lambda function|definition of merge sort|key differences|practical use cases|trade-offs,Software Engineer,easy
technical_lambda_function_interface_diff,Explain the difference between lambda function and interface.,technical,definition of lambda function|definition of interface|key differences|practical use cases|trade-offs,Software Engineer,hard
technical_virtual_memory_exception_handling_diff,Explain the difference between virtual memory and exception handling.,technical,definition of virtual memory|definition of exception handling|key differences|practical use cases|trade-offs,Software Engineer,easy
technical_virtual_memory_binary_search_diff,Explain the difference between virtual memory and binary search.,technical,definition of virtual memory|definition of binary search|key differences|practical use cases|trade-offs,Software Engineer,hard
technical_virtual_memory_linked_list_diff,Explain the difference between virtual memory and linked list.,technical,definition of virtual memory|definition of linked list|key differences|practical use cases|trade-offs,Software Engineer,easy
technical_virtual_memory_merge_sort_diff,Explain the difference between virtual memory and merge sort.,technical,definition of virtual memory|definition of merge sort|key differences|practical use cases|trade-offs,Software Engineer,medium
technical_virtual_memory_interface_diff,Explain the difference between virtual memory and interface.,technical,definition of virtual memory|definition of interface|key differences|practical use cases|trade-offs,Software Engineer,easy
technical_exception_handling_binary_search_diff,Explain the difference between exception handling and binary search.,technical,definition of exception handling|definition of binary search|key differences|practical use cases|trade-offs,Software Engineer,hard
technical_exception_handling_linked_list_diff,Explain the difference between exception handling and linked list.,technical,definition of exception handling|definition of linked list|key differences|practical use cases|trade-offs,Software Engineer,medium
technical_exception_handling_merge_sort_diff,Explain the difference between exception handling and merge sort.,technical,definition of exception handling|definition of merge sort|key differences|practical use cases|trade-offs,Software Engineer,easy
technical_exception_handling_interface_diff,Explain the difference between exception handling and interface.,technical,definition of exception handling|definition of interface|key differences|practical use cases|trade-offs,Software Engineer,hard
technical_binary_search_linked_list_diff,Explain the difference between binary search and linked list.,technical,definition of binary search|definition of linked list|key differences|practical use cases|trade-offs,Software Engineer,medium
technical_binary_search_merge_sort_diff,Explain the difference between binary search and merge sort.,technical,definition of binary search|definition of merge sort|key differences|practical use cases|trade-offs,Software Engineer,easy
technical_binary_search_interface_diff,Explain the difference between binary search and interface.,technical,definition of binary search|definition of interface|key differences|practical use cases|trade-offs,Software Engineer,hard
technical_linked_list_merge_sort_diff,Explain the difference between linked list and merge sort.,technical,definition of linked list|definition of merge sort|key differences|practical use cases|trade-offs,Software Engineer,easy
technical_linked_list_interface_diff,Explain the difference between linked list and interface.,technical,definition of linked list|definition of interface|key differences|practical use cases|trade-offs,Software Engineer,medium
technical_merge_sort_interface_diff,Explain the difference between merge sort and interface.,technical,definition of merge sort|definition of interface|key differences|practical use cases|trade-offs,Software Engineer,medium
technical_list_whatis,What is list and how is it used?,technical,definition of list|core purpose|common use cases|example,Software Engineer,hard
technical_tuple_whatis,What is tuple and how is it used?,technical,definition of tuple|core purpose|common use cases|example,Software Engineer,easy
technical_array_whatis,What is array and how is it used?,technical,definition of array|core purpose|common use cases|example,Software Engineer,medium
technical_hashmap_whatis,What is hashmap and how is it used?,technical,definition of hashmap|core purpose|common use cases|example,Software Engineer,hard
technical_recursion_whatis,What is recursion and how is it used?,technical,definition of recursion|core purpose|common use cases|example,Software Engineer,medium
technical_inheritance_whatis,What is inheritance and how is it used?,technical,definition of inheritance|core purpose|common use cases|example,Software Engineer,medium
technical_encapsulation_whatis,What is encapsulation and how is it used?,technical,definition of encapsulation|core purpose|common use cases|example,Software Engineer,medium
technical_polymorphism_whatis,What is polymorphism and how is it used?,technical,definition of polymorphism|core purpose|common use cases|example,Software Engineer,hard
technical_pointers_whatis,What is pointers and how is it used?,technical,definition of pointers|core purpose|common use cases|example,Software Engineer,medium
technical_rest_api_whatis,What is REST API and how is it used?,technical,definition of REST API|core purpose|common use cases|example,Software Engineer,hard
technical_sql_injection_whatis,What is SQL injection and how is it used?,technical,definition of SQL injection|core purpose|common use cases|example,Software Engineer,hard
technical_multithreading_whatis,What is multithreading and how is it used?,technical,definition of multithreading|core purpose|common use cases|example,Software Engineer,hard
technical_deadlock_whatis,What is deadlock and how is it used?,technical,definition of deadlock|core purpose|common use cases|example,Software Engineer,hard
technical_garbage_collection_whatis,What is garbage collection and how is it used?,technical,definition of garbage collection|core purpose|common use cases|example,Software Engineer,easy
technical_big_o_notation_whatis,What is Big O notation and how is it used?,technical,definition of Big O notation|core purpose|common use cases|example,Software Engineer,hard
technical_stack_whatis,What is stack and how is it used?,technical,definition of stack|core purpose|common use cases|example,Software Engineer,easy
technical_queue_whatis,What is queue and how is it used?,technical,definition of queue|core purpose|common use cases|example,Software Engineer,medium
technical_dictionary_whatis,What is dictionary and how is it used?,technical,definition of dictionary|core purpose|common use cases|example,Software Engineer,hard
technical_lambda_function_whatis,What is lambda function and how is it used?,technical,definition of lambda function|core purpose|common use cases|example,Software Engineer,easy
technical_virtual_memory_whatis,What is virtual memory and how is it used?,technical,definition of virtual memory|core purpose|common use cases|example,Software Engineer,medium
technical_exception_handling_whatis,What is exception handling and how is it used?,technical,definition of exception handling|core purpose|common use cases|example,Software Engineer,medium
technical_binary_search_whatis,What is binary search and how is it used?,technical,definition of binary search|core purpose|common use cases|example,Software Engineer,easy
technical_linked_list_whatis,What is linked list and how is it used?,technical,definition of linked list|core purpose|common use cases|example,Software Engineer,medium
technical_merge_sort_whatis,What is merge sort and how is it used?,technical,definition of merge sort|core purpose|common use cases|example,Software Engineer,easy
technical_interface_whatis,What is interface and how is it used?,technical,definition of interface|core purpose|common use cases|example,Software Engineer,medium
technical_list_internals,How does list work internally?,technical,internal mechanism of list|implementation details|underlying data structure or process|example,Software Engineer,hard
technical_tuple_internals,How does tuple work internally?,technical,internal mechanism of tuple|implementation details|underlying data structure or process|example,Software Engineer,medium
technical_array_internals,How does array work internally?,technical,internal mechanism of array|implementation details|underlying data structure or process|example,Software Engineer,hard
technical_hashmap_internals,How does hashmap work internally?,technical,internal mechanism of hashmap|implementation details|underlying data structure or process|example,Software Engineer,easy
technical_recursion_internals,How does recursion work internally?,technical,internal mechanism of recursion|implementation details|underlying data structure or process|example,Software Engineer,hard
technical_inheritance_internals,How does inheritance work internally?,technical,internal mechanism of inheritance|implementation details|underlying data structure or process|example,Software Engineer,medium
technical_encapsulation_internals,How does encapsulation work internally?,technical,internal mechanism of encapsulation|implementation details|underlying data structure or process|example,Software Engineer,medium
technical_polymorphism_internals,How does polymorphism work internally?,technical,internal mechanism of polymorphism|implementation details|underlying data structure or process|example,Software Engineer,hard
technical_pointers_internals,How does pointers work internally?,technical,internal mechanism of pointers|implementation details|underlying data structure or process|example,Software Engineer,hard
technical_rest_api_internals,How does REST API work internally?,technical,internal mechanism of REST API|implementation details|underlying data structure or process|example,Software Engineer,hard
technical_sql_injection_internals,How does SQL injection work internally?,technical,internal mechanism of SQL injection|implementation details|underlying data structure or process|example,Software Engineer,medium
technical_multithreading_internals,How does multithreading work internally?,technical,internal mechanism of multithreading|implementation details|underlying data structure or process|example,Software Engineer,medium
technical_deadlock_internals,How does deadlock work internally?,technical,internal mechanism of deadlock|implementation details|underlying data structure or process|example,Software Engineer,easy
technical_garbage_collection_internals,How does garbage collection work internally?,technical,internal mechanism of garbage collection|implementation details|underlying data structure or process|example,Software Engineer,medium
technical_big_o_notation_internals,How does Big O notation work internally?,technical,internal mechanism of Big O notation|implementation details|underlying data structure or process|example,Software Engineer,medium
technical_stack_internals,How does stack work internally?,technical,internal mechanism of stack|implementation details|underlying data structure or process|example,Software Engineer,medium
technical_queue_internals,How does queue work internally?,technical,internal mechanism of queue|implementation details|underlying data structure or process|example,Software Engineer,medium
technical_dictionary_internals,How does dictionary work internally?,technical,internal mechanism of dictionary|implementation details|underlying data structure or process|example,Software Engineer,medium
technical_lambda_function_internals,How does lambda function work internally?,technical,internal mechanism of lambda function|implementation details|underlying data structure or process|example,Software Engineer,easy
technical_virtual_memory_internals,How does virtual memory work internally?,technical,internal mechanism of virtual memory|implementation details|underlying data structure or process|example,Software Engineer,medium
technical_exception_handling_internals,How does exception handling work internally?,technical,internal mechanism of exception handling|implementation details|underlying data structure or process|example,Software Engineer,medium
technical_binary_search_internals,How does binary search work internally?,technical,internal mechanism of binary search|implementation details|underlying data structure or process|example,Software Engineer,medium
technical_linked_list_internals,How does linked list work internally?,technical,internal mechanism of linked list|implementation details|underlying data structure or process|example,Software Engineer,medium
technical_merge_sort_internals,How does merge sort work internally?,technical,internal mechanism of merge sort|implementation details|underlying data structure or process|example,Software Engineer,hard
technical_interface_internals,How does interface work internally?,technical,internal mechanism of interface|implementation details|underlying data structure or process|example,Software Engineer,medium
technical_list_importance,Why is list important in programming?,technical,problem list solves|benefits|real-world impact|example,Software Engineer,medium
technical_tuple_importance,Why is tuple important in programming?,technical,problem tuple solves|benefits|real-world impact|example,Software Engineer,medium
technical_array_importance,Why is array important in programming?,technical,problem array solves|benefits|real-world impact|example,Software Engineer,hard
technical_hashmap_importance,Why is hashmap important in programming?,technical,problem hashmap solves|benefits|real-world impact|example,Software Engineer,hard
technical_recursion_importance,Why is recursion important in programming?,technical,problem recursion solves|benefits|real-world impact|example,Software Engineer,hard
technical_inheritance_importance,Why is inheritance important in programming?,technical,problem inheritance solves|benefits|real-world impact|example,Software Engineer,hard
technical_encapsulation_importance,Why is encapsulation important in programming?,technical,problem encapsulation solves|benefits|real-world impact|example,Software Engineer,easy
technical_polymorphism_importance,Why is polymorphism important in programming?,technical,problem polymorphism solves|benefits|real-world impact|example,Software Engineer,medium
technical_pointers_importance,Why is pointers important in programming?,technical,problem pointers solves|benefits|real-world impact|example,Software Engineer,easy
technical_rest_api_importance,Why is REST API important in programming?,technical,problem REST API solves|benefits|real-world impact|example,Software Engineer,easy
technical_sql_injection_importance,Why is SQL injection important in programming?,technical,problem SQL injection solves|benefits|real-world impact|example,Software Engineer,hard
technical_multithreading_importance,Why is multithreading important in programming?,technical,problem multithreading solves|benefits|real-world impact|example,Software Engineer,easy
technical_deadlock_importance,Why is deadlock important in programming?,technical,problem deadlock solves|benefits|real-world impact|example,Software Engineer,easy
technical_garbage_collection_importance,Why is garbage collection important in programming?,technical,problem garbage collection solves|benefits|real-world impact|example,Software Engineer,hard
technical_big_o_notation_importance,Why is Big O notation important in programming?,technical,problem Big O notation solves|benefits|real-world impact|example,Software Engineer,medium
technical_stack_importance,Why is stack important in programming?,technical,problem stack solves|benefits|real-world impact|example,Software Engineer,easy
technical_queue_importance,Why is queue important in programming?,technical,problem queue solves|benefits|real-world impact|example,Software Engineer,hard
technical_dictionary_importance,Why is dictionary important in programming?,technical,problem dictionary solves|benefits|real-world impact|example,Software Engineer,hard
technical_lambda_function_importance,Why is lambda function important in programming?,technical,problem lambda function solves|benefits|real-world impact|example,Software Engineer,hard
technical_virtual_memory_importance,Why is virtual memory important in programming?,technical,problem virtual memory solves|benefits|real-world impact|example,Software Engineer,medium
technical_exception_handling_importance,Why is exception handling important in programming?,technical,problem exception handling solves|benefits|real-world impact|example,Software Engineer,medium
technical_binary_search_importance,Why is binary search important in programming?,technical,problem binary search solves|benefits|real-world impact|example,Software Engineer,medium
technical_linked_list_importance,Why is linked list important in programming?,technical,problem linked list solves|benefits|real-world impact|example,Software Engineer,easy
technical_merge_sort_importance,Why is merge sort important in programming?,technical,problem merge sort solves|benefits|real-world impact|example,Software Engineer,medium
technical_interface_importance,Why is interface important in programming?,technical,problem interface solves|benefits|real-world impact|example,Software Engineer,easy
technical_list_over_tuple,When would you use list over tuple?,technical,scenario favoring list|scenario favoring tuple|trade-offs|decision criteria,Software Engineer,hard
technical_list_over_array,When would you use list over array?,technical,scenario favoring list|scenario favoring array|trade-offs|decision criteria,Software Engineer,easy
technical_list_over_hashmap,When would you use list over hashmap?,technical,scenario favoring list|scenario favoring hashmap|trade-offs|decision criteria,Software Engineer,easy
technical_list_over_recursion,When would you use list over recursion?,technical,scenario favoring list|scenario favoring recursion|trade-offs|decision criteria,Software Engineer,hard
technical_list_over_inheritance,When would you use list over inheritance?,technical,scenario favoring list|scenario favoring inheritance|trade-offs|decision criteria,Software Engineer,hard
technical_list_over_encapsulation,When would you use list over encapsulation?,technical,scenario favoring list|scenario favoring encapsulation|trade-offs|decision criteria,Software Engineer,medium
technical_list_over_polymorphism,When would you use list over polymorphism?,technical,scenario favoring list|scenario favoring polymorphism|trade-offs|decision criteria,Software Engineer,medium
technical_list_over_pointers,When would you use list over pointers?,technical,scenario favoring list|scenario favoring pointers|trade-offs|decision criteria,Software Engineer,hard
technical_list_over_rest_api,When would you use list over REST API?,technical,scenario favoring list|scenario favoring REST API|trade-offs|decision criteria,Software Engineer,hard
technical_list_over_sql_injection,When would you use list over SQL injection?,technical,scenario favoring list|scenario favoring SQL injection|trade-offs|decision criteria,Software Engineer,hard
technical_list_over_multithreading,When would you use list over multithreading?,technical,scenario favoring list|scenario favoring multithreading|trade-offs|decision criteria,Software Engineer,medium
technical_list_over_deadlock,When would you use list over deadlock?,technical,scenario favoring list|scenario favoring deadlock|trade-offs|decision criteria,Software Engineer,hard
technical_list_over_garbage_collection,When would you use list over garbage collection?,technical,scenario favoring list|scenario favoring garbage collection|trade-offs|decision criteria,Software Engineer,hard
technical_list_over_big_o_notation,When would you use list over Big O notation?,technical,scenario favoring list|scenario favoring Big O notation|trade-offs|decision criteria,Software Engineer,easy
technical_list_over_stack,When would you use list over stack?,technical,scenario favoring list|scenario favoring stack|trade-offs|decision criteria,Software Engineer,hard
technical_list_over_queue,When would you use list over queue?,technical,scenario favoring list|scenario favoring queue|trade-offs|decision criteria,Software Engineer,easy
technical_list_over_dictionary,When would you use list over dictionary?,technical,scenario favoring list|scenario favoring dictionary|trade-offs|decision criteria,Software Engineer,medium
technical_list_over_lambda_function,When would you use list over lambda function?,technical,scenario favoring list|scenario favoring lambda function|trade-offs|decision criteria,Software Engineer,easy
technical_list_over_virtual_memory,When would you use list over virtual memory?,technical,scenario favoring list|scenario favoring virtual memory|trade-offs|decision criteria,Software Engineer,easy
technical_list_over_exception_handling,When would you use list over exception handling?,technical,scenario favoring list|scenario favoring exception handling|trade-offs|decision criteria,Software Engineer,medium
technical_list_over_binary_search,When would you use list over binary search?,technical,scenario favoring list|scenario favoring binary search|trade-offs|decision criteria,Software Engineer,hard
technical_list_over_linked_list,When would you use list over linked list?,technical,scenario favoring list|scenario favoring linked list|trade-offs|decision criteria,Software Engineer,hard
technical_list_over_merge_sort,When would you use list over merge sort?,technical,scenario favoring list|scenario favoring merge sort|trade-offs|decision criteria,Software Engineer,medium
technical_list_over_interface,When would you use list over interface?,technical,scenario favoring list|scenario favoring interface|trade-offs|decision criteria,Software Engineer,easy
technical_tuple_over_array,When would you use tuple over array?,technical,scenario favoring tuple|scenario favoring array|trade-offs|decision criteria,Software Engineer,hard
technical_tuple_over_hashmap,When would you use tuple over hashmap?,technical,scenario favoring tuple|scenario favoring hashmap|trade-offs|decision criteria,Software Engineer,easy
technical_tuple_over_recursion,When would you use tuple over recursion?,technical,scenario favoring tuple|scenario favoring recursion|trade-offs|decision criteria,Software Engineer,hard
technical_tuple_over_inheritance,When would you use tuple over inheritance?,technical,scenario favoring tuple|scenario favoring inheritance|trade-offs|decision criteria,Software Engineer,hard
technical_tuple_over_encapsulation,When would you use tuple over encapsulation?,technical,scenario favoring tuple|scenario favoring encapsulation|trade-offs|decision criteria,Software Engineer,hard
technical_tuple_over_polymorphism,When would you use tuple over polymorphism?,technical,scenario favoring tuple|scenario favoring polymorphism|trade-offs|decision criteria,Software Engineer,hard
technical_tuple_over_pointers,When would you use tuple over pointers?,technical,scenario favoring tuple|scenario favoring pointers|trade-offs|decision criteria,Software Engineer,easy
technical_tuple_over_rest_api,When would you use tuple over REST API?,technical,scenario favoring tuple|scenario favoring REST API|trade-offs|decision criteria,Software Engineer,medium
technical_tuple_over_sql_injection,When would you use tuple over SQL injection?,technical,scenario favoring tuple|scenario favoring SQL injection|trade-offs|decision criteria,Software Engineer,medium
technical_tuple_over_multithreading,When would you use tuple over multithreading?,technical,scenario favoring tuple|scenario favoring multithreading|trade-offs|decision criteria,Software Engineer,medium
technical_tuple_over_deadlock,When would you use tuple over deadlock?,technical,scenario favoring tuple|scenario favoring deadlock|trade-offs|decision criteria,Software Engineer,hard
technical_tuple_over_garbage_collection,When would you use tuple over garbage collection?,technical,scenario favoring tuple|scenario favoring garbage collection|trade-offs|decision criteria,Software Engineer,easy
technical_tuple_over_big_o_notation,When would you use tuple over Big O notation?,technical,scenario favoring tuple|scenario favoring Big O notation|trade-offs|decision criteria,Software Engineer,hard
technical_tuple_over_stack,When would you use tuple over stack?,technical,scenario favoring tuple|scenario favoring stack|trade-offs|decision criteria,Software Engineer,medium
technical_tuple_over_queue,When would you use tuple over queue?,technical,scenario favoring tuple|scenario favoring queue|trade-offs|decision criteria,Software Engineer,easy
technical_tuple_over_dictionary,When would you use tuple over dictionary?,technical,scenario favoring tuple|scenario favoring dictionary|trade-offs|decision criteria,Software Engineer,hard
technical_tuple_over_lambda_function,When would you use tuple over lambda function?,technical,scenario favoring tuple|scenario favoring lambda function|trade-offs|decision criteria,Software Engineer,medium
technical_tuple_over_virtual_memory,When would you use tuple over virtual memory?,technical,scenario favoring tuple|scenario favoring virtual memory|trade-offs|decision criteria,Software Engineer,hard
technical_tuple_over_exception_handling,When would you use tuple over exception handling?,technical,scenario favoring tuple|scenario favoring exception handling|trade-offs|decision criteria,Software Engineer,medium
technical_tuple_over_binary_search,When would you use tuple over binary search?,technical,scenario favoring tuple|scenario favoring binary search|trade-offs|decision criteria,Software Engineer,medium
technical_tuple_over_linked_list,When would you use tuple over linked list?,technical,scenario favoring tuple|scenario favoring linked list|trade-offs|decision criteria,Software Engineer,easy
technical_tuple_over_merge_sort,When would you use tuple over merge sort?,technical,scenario favoring tuple|scenario favoring merge sort|trade-offs|decision criteria,Software Engineer,easy
technical_tuple_over_interface,When would you use tuple over interface?,technical,scenario favoring tuple|scenario favoring interface|trade-offs|decision criteria,Software Engineer,easy
technical_array_over_hashmap,When would you use array over hashmap?,technical,scenario favoring array|scenario favoring hashmap|trade-offs|decision criteria,Software Engineer,medium
technical_array_over_recursion,When would you use array over recursion?,technical,scenario favoring array|scenario favoring recursion|trade-offs|decision criteria,Software Engineer,medium
technical_array_over_inheritance,When would you use array over inheritance?,technical,scenario favoring array|scenario favoring inheritance|trade-offs|decision criteria,Software Engineer,hard
technical_array_over_encapsulation,When would you use array over encapsulation?,technical,scenario favoring array|scenario favoring encapsulation|trade-offs|decision criteria,Software Engineer,medium
technical_array_over_polymorphism,When would you use array over polymorphism?,technical,scenario favoring array|scenario favoring polymorphism|trade-offs|decision criteria,Software Engineer,hard
technical_array_over_pointers,When would you use array over pointers?,technical,scenario favoring array|scenario favoring pointers|trade-offs|decision criteria,Software Engineer,easy
technical_array_over_rest_api,When would you use array over REST API?,technical,scenario favoring array|scenario favoring REST API|trade-offs|decision criteria,Software Engineer,hard
technical_array_over_sql_injection,When would you use array over SQL injection?,technical,scenario favoring array|scenario favoring SQL injection|trade-offs|decision criteria,Software Engineer,easy
technical_array_over_multithreading,When would you use array over multithreading?,technical,scenario favoring array|scenario favoring multithreading|trade-offs|decision criteria,Software Engineer,hard
technical_array_over_deadlock,When would you use array over deadlock?,technical,scenario favoring array|scenario favoring deadlock|trade-offs|decision criteria,Software Engineer,medium
technical_array_over_garbage_collection,When would you use array over garbage collection?,technical,scenario favoring array|scenario favoring garbage collection|trade-offs|decision criteria,Software Engineer,medium
technical_array_over_big_o_notation,When would you use array over Big O notation?,technical,scenario favoring array|scenario favoring Big O notation|trade-offs|decision criteria,Software Engineer,easy
technical_array_over_stack,When would you use array over stack?,technical,scenario favoring array|scenario favoring stack|trade-offs|decision criteria,Software Engineer,medium
technical_array_over_queue,When would you use array over queue?,technical,scenario favoring array|scenario favoring queue|trade-offs|decision criteria,Software Engineer,easy
technical_array_over_dictionary,When would you use array over dictionary?,technical,scenario favoring array|scenario favoring dictionary|trade-offs|decision criteria,Software Engineer,medium
technical_array_over_lambda_function,When would you use array over lambda function?,technical,scenario favoring array|scenario favoring lambda function|trade-offs|decision criteria,Software Engineer,hard
technical_array_over_virtual_memory,When would you use array over virtual memory?,technical,scenario favoring array|scenario favoring virtual memory|trade-offs|decision criteria,Software Engineer,hard
technical_array_over_exception_handling,When would you use array over exception handling?,technical,scenario favoring array|scenario favoring exception handling|trade-offs|decision criteria,Software Engineer,easy
technical_array_over_binary_search,When would you use array over binary search?,technical,scenario favoring array|scenario favoring binary search|trade-offs|decision criteria,Software Engineer,medium
technical_array_over_linked_list,When would you use array over linked list?,technical,scenario favoring array|scenario favoring linked list|trade-offs|decision criteria,Software Engineer,medium
technical_array_over_merge_sort,When would you use array over merge sort?,technical,scenario favoring array|scenario favoring merge sort|trade-offs|decision criteria,Software Engineer,hard
technical_array_over_interface,When would you use array over interface?,technical,scenario favoring array|scenario favoring interface|trade-offs|decision criteria,Software Engineer,easy
technical_hashmap_over_recursion,When would you use hashmap over recursion?,technical,scenario favoring hashmap|scenario favoring recursion|trade-offs|decision criteria,Software Engineer,hard
technical_hashmap_over_inheritance,When would you use hashmap over inheritance?,technical,scenario favoring hashmap|scenario favoring inheritance|trade-offs|decision criteria,Software Engineer,hard
technical_hashmap_over_encapsulation,When would you use hashmap over encapsulation?,technical,scenario favoring hashmap|scenario favoring encapsulation|trade-offs|decision criteria,Software Engineer,easy
technical_hashmap_over_polymorphism,When would you use hashmap over polymorphism?,technical,scenario favoring hashmap|scenario favoring polymorphism|trade-offs|decision criteria,Software Engineer,hard
technical_hashmap_over_pointers,When would you use hashmap over pointers?,technical,scenario favoring hashmap|scenario favoring pointers|trade-offs|decision criteria,Software Engineer,medium
technical_hashmap_over_rest_api,When would you use hashmap over REST API?,technical,scenario favoring hashmap|scenario favoring REST API|trade-offs|decision criteria,Software Engineer,hard
technical_hashmap_over_sql_injection,When would you use hashmap over SQL injection?,technical,scenario favoring hashmap|scenario favoring SQL injection|trade-offs|decision criteria,Software Engineer,hard
technical_hashmap_over_multithreading,When would you use hashmap over multithreading?,technical,scenario favoring hashmap|scenario favoring multithreading|trade-offs|decision criteria,Software Engineer,medium
technical_hashmap_over_deadlock,When would you use hashmap over deadlock?,technical,scenario favoring hashmap|scenario favoring deadlock|trade-offs|decision criteria,Software Engineer,medium
technical_hashmap_over_garbage_collection,When would you use hashmap over garbage collection?,technical,scenario favoring hashmap|scenario favoring garbage collection|trade-offs|decision criteria,Software Engineer,easy
technical_hashmap_over_big_o_notation,When would you use hashmap over Big O notation?,technical,scenario favoring hashmap|scenario favoring Big O notation|trade-offs|decision criteria,Software Engineer,medium
technical_hashmap_over_stack,When would you use hashmap over stack?,technical,scenario favoring hashmap|scenario favoring stack|trade-offs|decision criteria,Software Engineer,medium
technical_hashmap_over_queue,When would you use hashmap over queue?,technical,scenario favoring hashmap|scenario favoring queue|trade-offs|decision criteria,Software Engineer,hard
technical_hashmap_over_dictionary,When would you use hashmap over dictionary?,technical,scenario favoring hashmap|scenario favoring dictionary|trade-offs|decision criteria,Software Engineer,easy
technical_hashmap_over_lambda_function,When would you use hashmap over lambda function?,technical,scenario favoring hashmap|scenario favoring lambda function|trade-offs|decision criteria,Software Engineer,hard
technical_hashmap_over_virtual_memory,When would you use hashmap over virtual memory?,technical,scenario favoring hashmap|scenario favoring virtual memory|trade-offs|decision criteria,Software Engineer,easy
technical_hashmap_over_exception_handling,When would you use hashmap over exception handling?,technical,scenario favoring hashmap|scenario favoring exception handling|trade-offs|decision criteria,Software Engineer,hard
technical_hashmap_over_binary_search,When would you use hashmap over binary search?,technical,scenario favoring hashmap|scenario favoring binary search|trade-offs|decision criteria,Software Engineer,medium
technical_hashmap_over_linked_list,When would you use hashmap over linked list?,technical,scenario favoring hashmap|scenario favoring linked list|trade-offs|decision criteria,Software Engineer,medium
technical_hashmap_over_merge_sort,When would you use hashmap over merge sort?,technical,scenario favoring hashmap|scenario favoring merge sort|trade-offs|decision criteria,Software Engineer,medium
technical_hashmap_over_interface,When would you use hashmap over interface?,technical,scenario favoring hashmap|scenario favoring interface|trade-offs|decision criteria,Software Engineer,medium
technical_recursion_over_inheritance,When would you use recursion over inheritance?,technical,scenario favoring recursion|scenario favoring inheritance|trade-offs|decision criteria,Software Engineer,medium
technical_recursion_over_encapsulation,When would you use recursion over encapsulation?,technical,scenario favoring recursion|scenario favoring encapsulation|trade-offs|decision criteria,Software Engineer,medium
technical_recursion_over_polymorphism,When would you use recursion over polymorphism?,technical,scenario favoring recursion|scenario favoring polymorphism|trade-offs|decision criteria,Software Engineer,hard
technical_recursion_over_pointers,When would you use recursion over pointers?,technical,scenario favoring recursion|scenario favoring pointers|trade-offs|decision criteria,Software Engineer,medium
technical_recursion_over_rest_api,When would you use recursion over REST API?,technical,scenario favoring recursion|scenario favoring REST API|trade-offs|decision criteria,Software Engineer,medium
technical_recursion_over_sql_injection,When would you use recursion over SQL injection?,technical,scenario favoring recursion|scenario favoring SQL injection|trade-offs|decision criteria,Software Engineer,hard
technical_recursion_over_multithreading,When would you use recursion over multithreading?,technical,scenario favoring recursion|scenario favoring multithreading|trade-offs|decision criteria,Software Engineer,hard
technical_recursion_over_deadlock,When would you use recursion over deadlock?,technical,scenario favoring recursion|scenario favoring deadlock|trade-offs|decision criteria,Software Engineer,hard
technical_recursion_over_garbage_collection,When would you use recursion over garbage collection?,technical,scenario favoring recursion|scenario favoring garbage collection|trade-offs|decision criteria,Software Engineer,hard
technical_recursion_over_big_o_notation,When would you use recursion over Big O notation?,technical,scenario favoring recursion|scenario favoring Big O notation|trade-offs|decision criteria,Software Engineer,easy
technical_recursion_over_stack,When would you use recursion over stack?,technical,scenario favoring recursion|scenario favoring stack|trade-offs|decision criteria,Software Engineer,medium
technical_recursion_over_queue,When would you use recursion over queue?,technical,scenario favoring recursion|scenario favoring queue|trade-offs|decision criteria,Software Engineer,hard
technical_recursion_over_dictionary,When would you use recursion over dictionary?,technical,scenario favoring recursion|scenario favoring dictionary|trade-offs|decision criteria,Software Engineer,medium
technical_recursion_over_lambda_function,When would you use recursion over lambda function?,technical,scenario favoring recursion|scenario favoring lambda function|trade-offs|decision criteria,Software Engineer,easy
technical_recursion_over_virtual_memory,When would you use recursion over virtual memory?,technical,scenario favoring recursion|scenario favoring virtual memory|trade-offs|decision criteria,Software Engineer,medium
technical_recursion_over_exception_handling,When would you use recursion over exception handling?,technical,scenario favoring recursion|scenario favoring exception handling|trade-offs|decision criteria,Software Engineer,medium
technical_recursion_over_binary_search,When would you use recursion over binary search?,technical,scenario favoring recursion|scenario favoring binary search|trade-offs|decision criteria,Software Engineer,easy
technical_recursion_over_linked_list,When would you use recursion over linked list?,technical,scenario favoring recursion|scenario favoring linked list|trade-offs|decision criteria,Software Engineer,hard
technical_recursion_over_merge_sort,When would you use recursion over merge sort?,technical,scenario favoring recursion|scenario favoring merge sort|trade-offs|decision criteria,Software Engineer,medium
technical_recursion_over_interface,When would you use recursion over interface?,technical,scenario favoring recursion|scenario favoring interface|trade-offs|decision criteria,Software Engineer,hard
technical_inheritance_over_encapsulation,When would you use inheritance over encapsulation?,technical,scenario favoring inheritance|scenario favoring encapsulation|trade-offs|decision criteria,Software Engineer,medium
technical_inheritance_over_polymorphism,When would you use inheritance over polymorphism?,technical,scenario favoring inheritance|scenario favoring polymorphism|trade-offs|decision criteria,Software Engineer,medium
technical_inheritance_over_pointers,When would you use inheritance over pointers?,technical,scenario favoring inheritance|scenario favoring pointers|trade-offs|decision criteria,Software Engineer,hard
technical_inheritance_over_rest_api,When would you use inheritance over REST API?,technical,scenario favoring inheritance|scenario favoring REST API|trade-offs|decision criteria,Software Engineer,hard
technical_inheritance_over_sql_injection,When would you use inheritance over SQL injection?,technical,scenario favoring inheritance|scenario favoring SQL injection|trade-offs|decision criteria,Software Engineer,hard
technical_inheritance_over_multithreading,When would you use inheritance over multithreading?,technical,scenario favoring inheritance|scenario favoring multithreading|trade-offs|decision criteria,Software Engineer,easy
technical_inheritance_over_deadlock,When would you use inheritance over deadlock?,technical,scenario favoring inheritance|scenario favoring deadlock|trade-offs|decision criteria,Software Engineer,medium
technical_inheritance_over_garbage_collection,When would you use inheritance over garbage collection?,technical,scenario favoring inheritance|scenario favoring garbage collection|trade-offs|decision criteria,Software Engineer,medium
technical_inheritance_over_big_o_notation,When would you use inheritance over Big O notation?,technical,scenario favoring inheritance|scenario favoring Big O notation|trade-offs|decision criteria,Software Engineer,easy
technical_inheritance_over_stack,When would you use inheritance over stack?,technical,scenario favoring inheritance|scenario favoring stack|trade-offs|decision criteria,Software Engineer,hard
technical_inheritance_over_queue,When would you use inheritance over queue?,technical,scenario favoring inheritance|scenario favoring queue|trade-offs|decision criteria,Software Engineer,easy
technical_inheritance_over_dictionary,When would you use inheritance over dictionary?,technical,scenario favoring inheritance|scenario favoring dictionary|trade-offs|decision criteria,Software Engineer,easy
technical_inheritance_over_lambda_function,When would you use inheritance over lambda function?,technical,scenario favoring inheritance|scenario favoring lambda function|trade-offs|decision criteria,Software Engineer,medium
technical_inheritance_over_virtual_memory,When would you use inheritance over virtual memory?,technical,scenario favoring inheritance|scenario favoring virtual memory|trade-offs|decision criteria,Software Engineer,easy
technical_inheritance_over_exception_handling,When would you use inheritance over exception handling?,technical,scenario favoring inheritance|scenario favoring exception handling|trade-offs|decision criteria,Software Engineer,hard
technical_inheritance_over_binary_search,When would you use inheritance over binary search?,technical,scenario favoring inheritance|scenario favoring binary search|trade-offs|decision criteria,Software Engineer,medium
technical_inheritance_over_linked_list,When would you use inheritance over linked list?,technical,scenario favoring inheritance|scenario favoring linked list|trade-offs|decision criteria,Software Engineer,easy
technical_inheritance_over_merge_sort,When would you use inheritance over merge sort?,technical,scenario favoring inheritance|scenario favoring merge sort|trade-offs|decision criteria,Software Engineer,medium
technical_inheritance_over_interface,When would you use inheritance over interface?,technical,scenario favoring inheritance|scenario favoring interface|trade-offs|decision criteria,Software Engineer,easy
technical_encapsulation_over_polymorphism,When would you use encapsulation over polymorphism?,technical,scenario favoring encapsulation|scenario favoring polymorphism|trade-offs|decision criteria,Software Engineer,medium
technical_encapsulation_over_pointers,When would you use encapsulation over pointers?,technical,scenario favoring encapsulation|scenario favoring pointers|trade-offs|decision criteria,Software Engineer,hard
technical_encapsulation_over_rest_api,When would you use encapsulation over REST API?,technical,scenario favoring encapsulation|scenario favoring REST API|trade-offs|decision criteria,Software Engineer,hard
technical_encapsulation_over_sql_injection,When would you use encapsulation over SQL injection?,technical,scenario favoring encapsulation|scenario favoring SQL injection|trade-offs|decision criteria,Software Engineer,medium
technical_encapsulation_over_multithreading,When would you use encapsulation over multithreading?,technical,scenario favoring encapsulation|scenario favoring multithreading|trade-offs|decision criteria,Software Engineer,hard
technical_encapsulation_over_deadlock,When would you use encapsulation over deadlock?,technical,scenario favoring encapsulation|scenario favoring deadlock|trade-offs|decision criteria,Software Engineer,medium
technical_encapsulation_over_garbage_collection,When would you use encapsulation over garbage collection?,technical,scenario favoring encapsulation|scenario favoring garbage collection|trade-offs|decision criteria,Software Engineer,hard
technical_encapsulation_over_big_o_notation,When would you use encapsulation over Big O notation?,technical,scenario favoring encapsulation|scenario favoring Big O notation|trade-offs|decision criteria,Software Engineer,medium
technical_encapsulation_over_stack,When would you use encapsulation over stack?,technical,scenario favoring encapsulation|scenario favoring stack|trade-offs|decision criteria,Software Engineer,hard
technical_encapsulation_over_queue,When would you use encapsulation over queue?,technical,scenario favoring encapsulation|scenario favoring queue|trade-offs|decision criteria,Software Engineer,medium
technical_encapsulation_over_dictionary,When would you use encapsulation over dictionary?,technical,scenario favoring encapsulation|scenario favoring dictionary|trade-offs|decision criteria,Software Engineer,hard
technical_encapsulation_over_lambda_function,When would you use encapsulation over lambda function?,technical,scenario favoring encapsulation|scenario favoring lambda function|trade-offs|decision criteria,Software Engineer,medium
technical_encapsulation_over_virtual_memory,When would you use encapsulation over virtual memory?,technical,scenario favoring encapsulation|scenario favoring virtual memory|trade-offs|decision criteria,Software Engineer,easy
technical_encapsulation_over_exception_handling,When would you use encapsulation over exception handling?,technical,scenario favoring encapsulation|scenario favoring exception handling|trade-offs|decision criteria,Software Engineer,hard
technical_encapsulation_over_binary_search,When would you use encapsulation over binary search?,technical,scenario favoring encapsulation|scenario favoring binary search|trade-offs|decision criteria,Software Engineer,easy
technical_encapsulation_over_linked_list,When would you use encapsulation over linked list?,technical,scenario favoring encapsulation|scenario favoring linked list|trade-offs|decision criteria,Software Engineer,medium
technical_encapsulation_over_merge_sort,When would you use encapsulation over merge sort?,technical,scenario favoring encapsulation|scenario favoring merge sort|trade-offs|decision criteria,Software Engineer,medium
technical_encapsulation_over_interface,When would you use encapsulation over interface?,technical,scenario favoring encapsulation|scenario favoring interface|trade-offs|decision criteria,Software Engineer,medium
technical_polymorphism_over_pointers,When would you use polymorphism over pointers?,technical,scenario favoring polymorphism|scenario favoring pointers|trade-offs|decision criteria,Software Engineer,easy
technical_polymorphism_over_rest_api,When would you use polymorphism over REST API?,technical,scenario favoring polymorphism|scenario favoring REST API|trade-offs|decision criteria,Software Engineer,hard
technical_polymorphism_over_sql_injection,When would you use polymorphism over SQL injection?,technical,scenario favoring polymorphism|scenario favoring SQL injection|trade-offs|decision criteria,Software Engineer,easy
technical_polymorphism_over_multithreading,When would you use polymorphism over multithreading?,technical,scenario favoring polymorphism|scenario favoring multithreading|trade-offs|decision criteria,Software Engineer,medium
technical_polymorphism_over_deadlock,When would you use polymorphism over deadlock?,technical,scenario favoring polymorphism|scenario favoring deadlock|trade-offs|decision criteria,Software Engineer,hard
technical_polymorphism_over_garbage_collection,When would you use polymorphism over garbage collection?,technical,scenario favoring polymorphism|scenario favoring garbage collection|trade-offs|decision criteria,Software Engineer,medium
technical_polymorphism_over_big_o_notation,When would you use polymorphism over Big O notation?,technical,scenario favoring polymorphism|scenario favoring Big O notation|trade-offs|decision criteria,Software Engineer,hard
technical_polymorphism_over_stack,When would you use polymorphism over stack?,technical,scenario favoring polymorphism|scenario favoring stack|trade-offs|decision criteria,Software Engineer,easy
technical_polymorphism_over_queue,When would you use polymorphism over queue?,technical,scenario favoring polymorphism|scenario favoring queue|trade-offs|decision criteria,Software Engineer,easy
technical_polymorphism_over_dictionary,When would you use polymorphism over dictionary?,technical,scenario favoring polymorphism|scenario favoring dictionary|trade-offs|decision criteria,Software Engineer,medium
technical_polymorphism_over_lambda_function,When would you use polymorphism over lambda function?,technical,scenario favoring polymorphism|scenario favoring lambda function|trade-offs|decision criteria,Software Engineer,easy
technical_polymorphism_over_virtual_memory,When would you use polymorphism over virtual memory?,technical,scenario favoring polymorphism|scenario favoring virtual memory|trade-offs|decision criteria,Software Engineer,hard
technical_polymorphism_over_exception_handling,When would you use polymorphism over exception handling?,technical,scenario favoring polymorphism|scenario favoring exception handling|trade-offs|decision criteria,Software Engineer,medium
technical_polymorphism_over_binary_search,When would you use polymorphism over binary search?,technical,scenario favoring polymorphism|scenario favoring binary search|trade-offs|decision criteria,Software Engineer,medium
technical_polymorphism_over_linked_list,When would you use polymorphism over linked list?,technical,scenario favoring polymorphism|scenario favoring linked list|trade-offs|decision criteria,Software Engineer,easy
technical_polymorphism_over_merge_sort,When would you use polymorphism over merge sort?,technical,scenario favoring polymorphism|scenario favoring merge sort|trade-offs|decision criteria,Software Engineer,medium
technical_polymorphism_over_interface,When would you use polymorphism over interface?,technical,scenario favoring polymorphism|scenario favoring interface|trade-offs|decision criteria,Software Engineer,hard
technical_pointers_over_rest_api,When would you use pointers over REST API?,technical,scenario favoring pointers|scenario favoring REST API|trade-offs|decision criteria,Software Engineer,hard
technical_pointers_over_sql_injection,When would you use pointers over SQL injection?,technical,scenario favoring pointers|scenario favoring SQL injection|trade-offs|decision criteria,Software Engineer,hard
technical_pointers_over_multithreading,When would you use pointers over multithreading?,technical,scenario favoring pointers|scenario favoring multithreading|trade-offs|decision criteria,Software Engineer,easy
technical_pointers_over_deadlock,When would you use pointers over deadlock?,technical,scenario favoring pointers|scenario favoring deadlock|trade-offs|decision criteria,Software Engineer,medium
technical_pointers_over_garbage_collection,When would you use pointers over garbage collection?,technical,scenario favoring pointers|scenario favoring garbage collection|trade-offs|decision criteria,Software Engineer,hard
technical_pointers_over_big_o_notation,When would you use pointers over Big O notation?,technical,scenario favoring pointers|scenario favoring Big O notation|trade-offs|decision criteria,Software Engineer,hard
technical_pointers_over_stack,When would you use pointers over stack?,technical,scenario favoring pointers|scenario favoring stack|trade-offs|decision criteria,Software Engineer,easy
technical_pointers_over_queue,When would you use pointers over queue?,technical,scenario favoring pointers|scenario favoring queue|trade-offs|decision criteria,Software Engineer,easy
technical_pointers_over_dictionary,When would you use pointers over dictionary?,technical,scenario favoring pointers|scenario favoring dictionary|trade-offs|decision criteria,Software Engineer,hard
technical_pointers_over_lambda_function,When would you use pointers over lambda function?,technical,scenario favoring pointers|scenario favoring lambda function|trade-offs|decision criteria,Software Engineer,easy
technical_pointers_over_virtual_memory,When would you use pointers over virtual memory?,technical,scenario favoring pointers|scenario favoring virtual memory|trade-offs|decision criteria,Software Engineer,easy
technical_pointers_over_exception_handling,When would you use pointers over exception handling?,technical,scenario favoring pointers|scenario favoring exception handling|trade-offs|decision criteria,Software Engineer,hard
technical_pointers_over_binary_search,When would you use pointers over binary search?,technical,scenario favoring pointers|scenario favoring binary search|trade-offs|decision criteria,Software Engineer,hard
technical_pointers_over_linked_list,When would you use pointers over linked list?,technical,scenario favoring pointers|scenario favoring linked list|trade-offs|decision criteria,Software Engineer,medium
technical_pointers_over_merge_sort,When would you use pointers over merge sort?,technical,scenario favoring pointers|scenario favoring merge sort|trade-offs|decision criteria,Software Engineer,hard
technical_pointers_over_interface,When would you use pointers over interface?,technical,scenario favoring pointers|scenario favoring interface|trade-offs|decision criteria,Software Engineer,hard
technical_rest_api_over_sql_injection,When would you use REST API over SQL injection?,technical,scenario favoring REST API|scenario favoring SQL injection|trade-offs|decision criteria,Software Engineer,hard
technical_rest_api_over_multithreading,When would you use REST API over multithreading?,technical,scenario favoring REST API|scenario favoring multithreading|trade-offs|decision criteria,Software Engineer,easy
technical_rest_api_over_deadlock,When would you use REST API over deadlock?,technical,scenario favoring REST API|scenario favoring deadlock|trade-offs|decision criteria,Software Engineer,medium
technical_rest_api_over_garbage_collection,When would you use REST API over garbage collection?,technical,scenario favoring REST API|scenario favoring garbage collection|trade-offs|decision criteria,Software Engineer,medium
technical_rest_api_over_big_o_notation,When would you use REST API over Big O notation?,technical,scenario favoring REST API|scenario favoring Big O notation|trade-offs|decision criteria,Software Engineer,easy
technical_rest_api_over_stack,When would you use REST API over stack?,technical,scenario favoring REST API|scenario favoring stack|trade-offs|decision criteria,Software Engineer,easy
technical_rest_api_over_queue,When would you use REST API over queue?,technical,scenario favoring REST API|scenario favoring queue|trade-offs|decision criteria,Software Engineer,medium
technical_rest_api_over_dictionary,When would you use REST API over dictionary?,technical,scenario favoring REST API|scenario favoring dictionary|trade-offs|decision criteria,Software Engineer,easy
technical_rest_api_over_lambda_function,When would you use REST API over lambda function?,technical,scenario favoring REST API|scenario favoring lambda function|trade-offs|decision criteria,Software Engineer,medium
technical_rest_api_over_virtual_memory,When would you use REST API over virtual memory?,technical,scenario favoring REST API|scenario favoring virtual memory|trade-offs|decision criteria,Software Engineer,easy
technical_rest_api_over_exception_handling,When would you use REST API over exception handling?,technical,scenario favoring REST API|scenario favoring exception handling|trade-offs|decision criteria,Software Engineer,easy
technical_rest_api_over_binary_search,When would you use REST API over binary search?,technical,scenario favoring REST API|scenario favoring binary search|trade-offs|decision criteria,Software Engineer,medium
technical_rest_api_over_linked_list,When would you use REST API over linked list?,technical,scenario favoring REST API|scenario favoring linked list|trade-offs|decision criteria,Software Engineer,easy
technical_rest_api_over_merge_sort,When would you use REST API over merge sort?,technical,scenario favoring REST API|scenario favoring merge sort|trade-offs|decision criteria,Software Engineer,hard
technical_rest_api_over_interface,When would you use REST API over interface?,technical,scenario favoring REST API|scenario favoring interface|trade-offs|decision criteria,Software Engineer,hard
technical_sql_injection_over_multithreading,When would you use SQL injection over multithreading?,technical,scenario favoring SQL injection|scenario favoring multithreading|trade-offs|decision criteria,Software Engineer,easy
technical_sql_injection_over_deadlock,When would you use SQL injection over deadlock?,technical,scenario favoring SQL injection|scenario favoring deadlock|trade-offs|decision criteria,Software Engineer,easy
technical_sql_injection_over_garbage_collection,When would you use SQL injection over garbage collection?,technical,scenario favoring SQL injection|scenario favoring garbage collection|trade-offs|decision criteria,Software Engineer,hard
technical_sql_injection_over_big_o_notation,When would you use SQL injection over Big O notation?,technical,scenario favoring SQL injection|scenario favoring Big O notation|trade-offs|decision criteria,Software Engineer,easy
technical_sql_injection_over_stack,When would you use SQL injection over stack?,technical,scenario favoring SQL injection|scenario favoring stack|trade-offs|decision criteria,Software Engineer,medium
technical_sql_injection_over_queue,When would you use SQL injection over queue?,technical,scenario favoring SQL injection|scenario favoring queue|trade-offs|decision criteria,Software Engineer,hard
technical_sql_injection_over_dictionary,When would you use SQL injection over dictionary?,technical,scenario favoring SQL injection|scenario favoring dictionary|trade-offs|decision criteria,Software Engineer,easy
technical_sql_injection_over_lambda_function,When would you use SQL injection over lambda function?,technical,scenario favoring SQL injection|scenario favoring lambda function|trade-offs|decision criteria,Software Engineer,medium
technical_sql_injection_over_virtual_memory,When would you use SQL injection over virtual memory?,technical,scenario favoring SQL injection|scenario favoring virtual memory|trade-offs|decision criteria,Software Engineer,easy
technical_sql_injection_over_exception_handling,When would you use SQL injection over exception handling?,technical,scenario favoring SQL injection|scenario favoring exception handling|trade-offs|decision criteria,Software Engineer,hard
technical_sql_injection_over_binary_search,When would you use SQL injection over binary search?,technical,scenario favoring SQL injection|scenario favoring binary search|trade-offs|decision criteria,Software Engineer,hard
technical_sql_injection_over_linked_list,When would you use SQL injection over linked list?,technical,scenario favoring SQL injection|scenario favoring linked list|trade-offs|decision criteria,Software Engineer,easy
technical_sql_injection_over_merge_sort,When would you use SQL injection over merge sort?,technical,scenario favoring SQL injection|scenario favoring merge sort|trade-offs|decision criteria,Software Engineer,medium
technical_sql_injection_over_interface,When would you use SQL injection over interface?,technical,scenario favoring SQL injection|scenario favoring interface|trade-offs|decision criteria,Software Engineer,easy
technical_multithreading_over_deadlock,When would you use multithreading over deadlock?,technical,scenario favoring multithreading|scenario favoring deadlock|trade-offs|decision criteria,Software Engineer,easy
technical_multithreading_over_garbage_collection,When would you use multithreading over garbage collection?,technical,scenario favoring multithreading|scenario favoring garbage collection|trade-offs|decision criteria,Software Engineer,medium
technical_multithreading_over_big_o_notation,When would you use multithreading over Big O notation?,technical,scenario favoring multithreading|scenario favoring Big O notation|trade-offs|decision criteria,Software Engineer,medium
technical_multithreading_over_stack,When would you use multithreading over stack?,technical,scenario favoring multithreading|scenario favoring stack|trade-offs|decision criteria,Software Engineer,hard
technical_multithreading_over_queue,When would you use multithreading over queue?,technical,scenario favoring multithreading|scenario favoring queue|trade-offs|decision criteria,Software Engineer,medium
technical_multithreading_over_dictionary,When would you use multithreading over dictionary?,technical,scenario favoring multithreading|scenario favoring dictionary|trade-offs|decision criteria,Software Engineer,easy
technical_multithreading_over_lambda_function,When would you use multithreading over lambda function?,technical,scenario favoring multithreading|scenario favoring lambda function|trade-offs|decision criteria,Software Engineer,easy
technical_multithreading_over_virtual_memory,When would you use multithreading over virtual memory?,technical,scenario favoring multithreading|scenario favoring virtual memory|trade-offs|decision criteria,Software Engineer,hard
technical_multithreading_over_exception_handling,When would you use multithreading over exception handling?,technical,scenario favoring multithreading|scenario favoring exception handling|trade-offs|decision criteria,Software Engineer,hard
technical_multithreading_over_binary_search,When would you use multithreading over binary search?,technical,scenario favoring multithreading|scenario favoring binary search|trade-offs|decision criteria,Software Engineer,medium
technical_multithreading_over_linked_list,When would you use multithreading over linked list?,technical,scenario favoring multithreading|scenario favoring linked list|trade-offs|decision criteria,Software Engineer,easy
technical_multithreading_over_merge_sort,When would you use multithreading over merge sort?,technical,scenario favoring multithreading|scenario favoring merge sort|trade-offs|decision criteria,Software Engineer,easy
technical_multithreading_over_interface,When would you use multithreading over interface?,technical,scenario favoring multithreading|scenario favoring interface|trade-offs|decision criteria,Software Engineer,easy
technical_deadlock_over_garbage_collection,When would you use deadlock over garbage collection?,technical,scenario favoring deadlock|scenario favoring garbage collection|trade-offs|decision criteria,Software Engineer,medium
technical_deadlock_over_big_o_notation,When would you use deadlock over Big O notation?,technical,scenario favoring deadlock|scenario favoring Big O notation|trade-offs|decision criteria,Software Engineer,easy
technical_deadlock_over_stack,When would you use deadlock over stack?,technical,scenario favoring deadlock|scenario favoring stack|trade-offs|decision criteria,Software Engineer,medium
marketing_marketing_vs_branding_diff,What is the difference between marketing and branding?,marketing,functional value proposition|emotional/identity building|short-term vs long-term focus|tactics vs perception,Marketing Manager,medium
marketing_seo_vs_sem_diff,Explain the difference between SEO and SEM.,marketing,organic vs paid traffic|keyword targeting|cost structure|time to see results,Marketing Manager,medium
marketing_segmentation_whatis,What is customer segmentation and how is it used?,marketing,demographic or behavioral criteria|targeted messaging|personalization|example,Marketing Manager,easy
marketing_cac_calc,How do you calculate customer acquisition cost (CAC)?,marketing,total marketing/sales spend|number of new customers|formula|why it matters,Marketing Manager,medium
marketing_cac_vs_ltv_diff,What is the difference between CAC and customer lifetime value (LTV)?,marketing,cost to acquire vs revenue over lifetime|LTV:CAC ratio benchmark|profitability signal,Marketing Manager,hard
marketing_ab_test_landing_page,Walk me through how you would design an A/B test for a landing page.,marketing,clear hypothesis|control vs variant|sample size|statistical significance|primary metric,Marketing Manager,hard
marketing_funnel_whatis,What is a marketing funnel and what are its stages?,marketing,awareness|consideration|conversion|retention or advocacy,Marketing Manager,easy
marketing_attribution_measure,How do you measure marketing attribution?,marketing,first-touch model|last-touch model|multi-touch model|tracking tools,Marketing Manager,hard
marketing_brand_over_performance,When would you prioritize brand marketing over performance marketing?,marketing,long-term brand equity|low purchase frequency category|budget constraints|market maturity,Marketing Manager,hard
marketing_email_kpis,What KPIs would you track for an email marketing campaign?,marketing,open rate|click-through rate|conversion rate|unsubscribe rate|deliverability,Marketing Manager,easy
marketing_influencer_selection,How do you approach influencer marketing selection?,marketing,audience fit|engagement rate over follower count|brand alignment|ROI tracking,Marketing Manager,medium
marketing_campaign_underperformed,Describe a time a campaign underperformed. How did you respond?,marketing,situation|data-driven diagnosis|adjustment made|result|lesson learned,Marketing Manager,medium
marketing_b2b_vs_b2c_diff,What is the difference between B2B and B2C marketing?,marketing,decision-making process|sales cycle length|audience size|messaging tone,Marketing Manager,medium
marketing_position_vs_cheaper_competitor,How would you position a product against a lower-priced competitor?,marketing,value differentiation|target segment|messaging strategy|avoiding a price war,Marketing Manager,hard
marketing_content_strategy_importance,What is a content marketing strategy and why does it matter?,marketing,audience-focused content|SEO benefit|trust building|long-term lead generation,Marketing Manager,easy
sales_process_walkthrough,Walk me through your sales process from prospecting to close.,sales,prospecting|qualification|needs discovery|proposal|objection handling|close,Sales Representative,medium
sales_pipeline_vs_funnel_diff,What is the difference between a sales pipeline and a sales funnel?,sales,pipeline tracks deal stages per rep|funnel tracks conversion volume|use case for each,Sales Representative,medium
sales_qualify_lead,How do you qualify a lead?,sales,budget|authority|need|timeline|qualification framework,Sales Representative,easy
sales_difficult_objection,Describe a time you handled a difficult objection.,sales,active listening|root cause of objection|reframing|resolution|result,Sales Representative,medium
sales_upsell_vs_cross_sell_diff,What is the difference between upselling and cross-selling?,sales,upsell is a higher tier of the same product|cross-sell is a complementary product|timing|examples,Sales Representative,easy
sales_crm_usage,How do you use a CRM in your sales workflow?,sales,tracking interactions|pipeline visibility|follow-up reminders|reporting,Sales Representative,easy
sales_missed_quota,How do you handle a missed quota?,sales,root cause analysis|pipeline review|action plan|accountability,Sales Representative,medium
sales_prospect_gone_quiet,What is your approach to closing a deal when the prospect goes quiet?,sales,re-engagement strategy|reminding them of value|creating urgency|alternative contact,Sales Representative,hard
sales_key_account_relationships,How do you build long-term relationships with key accounts?,sales,regular check-ins|ongoing value delivery|trust building|account growth,Sales Representative,medium
sales_walk_away_deal,When would you walk away from a deal?,sales,poor customer fit|unprofitable terms|red flags|opportunity cost,Sales Representative,hard
sales_performance_metrics,What metrics do you track to measure sales performance?,sales,conversion rate|average deal size|sales cycle length|quota attainment,Sales Representative,easy
sales_compete_on_price,How do you differentiate your product when competing on price?,sales,value-based selling|ROI framing|product differentiation|avoiding the discount trap,Sales Representative,hard
sales_cold_outreach_approach,Describe your approach to cold outreach.,sales,prospect research|personalization|clear value proposition|follow-up cadence,Sales Representative,medium
sales_inbound_vs_outbound_diff,What is the difference between inbound and outbound sales?,sales,lead source|buyer intent level|sales cycle differences|approach used,Sales Representative,medium
sales_negotiate_price_sensitive,How do you negotiate pricing with a price-sensitive customer?,sales,reinforcing value|flexible terms|trade-offs offered|win-win outcome,Sale|financing options,Financial Analyst,hard
finance_month_end_close_steps,What steps do you take to close the books at month-end?,finance,account reconciliations|accruals|review process|reporting timeline,Financial Analyst,medium
finance_explain_working_capital,How would you explain working capital to a non-finance stakeholder?,finance,current assets minus current liabilities|short-term liquidity|plain-language example,Financial Analyst,easy
finance_debt_vs_equity_financing,When would a company use debt financing over equity financing?,finance,cost of capital|avoiding ownership dilution|ability to service debt|control retention,Financial Analyst,hard
finance_variance_analysis_budgeting,What is variance analysis and how do you use it in budgeting?,finance,comparing budget vs actual|identifying root causes|corrective action|example,Financial Analyst,medium
legal_contract_breach_remedies,What are the primary remedies available for a breach of contract?,legal,compensatory damages|consequential damages|specific performance|liquidated damages|injunctive relief,Corporate Counsel,medium
legal_attorney_client_privilege,How do you establish and maintain attorney-client privilege in a corporate setting?,legal,confidential communication|legal advice purpose|waiving privilege risks|third-party disclosures|common interest doctrine,Corporate Counsel,hard
legal_indemnification_clause,Explain the purpose of an indemnification clause in a commercial agreement.,legal,risk allocation|hold harmless obligation|third-party claims|defense costs|liability cap limits,Corporate Counsel,medium
legal_ip_assignment,Why is an intellectual property (IP) assignment clause critical in employment contracts?,legal,ownership of work product|work-for-hire doctrine|inventorship vs ownership|chain of title integrity,Corporate Counsel,easy
legal_regulatory_compliance_risk,How do you assess and manage regulatory compliance risks for a new product line?,legal,jurisdictional scope|gap analysis|regulatory agency guidelines|enforcement trends|remediation strategies,Corpos Representative,hard
product_roadmap_whatis,What is a product roadmap and how do you build one?,product,strategic themes|prioritization|stakeholder input|timeline flexibility,Product Manager,medium
product_user_story_vs_use_case_diff,Explain the difference between a user story and a use case.,product,format differences|level of granularity|agile context|purpose,Product Manager,medium
product_prioritize_backlog,How do you prioritize features on a backlog?,product,prioritization framework (e.g. RICE or MoSCoW)|business impact|effort estimate|stakeholder alignment,Product Manager,hard
product_mvp_importance,What is an MVP and why is it useful?,product,minimum feature set|validating assumptions|fast feedback loop|reducing risk,Product Manager,easy
product_market_fit_measure,How do you measure product-market fit?,product,retention metrics|NPS|organic growth signals|qualitative user feedback,Product Manager,hard
product_say_no_stakeholder,Describe a time you had to say no to a stakeholder's feature request.,product,situation|reasoning behind the decision|how it was communicated|outcome,Product Manager,medium
product_okrs_vs_kpis_diff,What is the difference between OKRs and KPIs?,product,OKRs as a goal-setting framework|KPIs as ongoing performance metrics|timeframe differences|purpose,Product Manager,medium
product_user_research_process,How do you conduct user research before building a feature?,product,user interviews|surveys|usability testing|synthesizing findings,Product Manager,medium
product_qual_over_quant_research,When would you use qualitative research over quantitative research?,product,early-stage discovery|understanding the why behind behavior|small sample sizes|complementing quantitative data,Product Manager,hard
product_define_success_metrics,How do you define success metrics for a new feature?,product,leading vs lagging indicators|baseline measurement|target setting|measurement plan,Product Manager,medium
product_feature_flag_vs_ab_test_diff,Explain the difference between a feature flag and A/B testing.,product,feature flag controls rollout|A/B test measures impact|overlapping use cases|example,Product Manager,hard
product_conflicting_priorities,How would you handle conflicting priorities between engineering and sales?,product,stakeholder alignment|data-driven trade-offs|clear communication|decision-making framework,Product Manager,hard
product_churn_rate_reduce,What is churn rate and how do you reduce it?,product,definition of churn rate|common causes|retention strategies|how it's measured,Product Manager,medium
product_competitive_analysis_approach,How do you approach competitive analysis?,product,feature comparison|positioning analysis|identifying market gaps|ongoing monitoring,Product Manager,medium
product_prd_process,Describe your process for writing a product requirements document (PRD).,product,problem statement|goals|user stories|success metrics|scope definition,Product Manager,medium
finance_balance_sheet_vs_income_statement_diff,Explain the difference between a balance sheet and an income statement.,finance,point-in-time snapshot vs period-based|assets/liabilities/equity vs revenue/expenses|purpose of each,Financial Analyst,medium
finance_ar_vs_ap_diff,What is the difference between accounts receivable and accounts payable?,finance,money owed to the company vs money the company owes|cash flow impact|examples,Financial Analyst,easy
finance_ebitda_calc,How do you calculate EBITDA and why is it used?,finance,formula|excludes non-operating items|comparability across companies|limitations,Financial Analyst,medium
finance_depreciation_vs_amortization_diff,What is the difference between depreciation and amortization?,finance,tangible vs intangible assets|methods used|purpose,Financial Analyst,medium
finance_accrual_vs_cash_diff,Explain the difference between accrual and cash accounting.,finance,timing of revenue/expense recognition|GAAP relevance|impact on cash flow visibility,Financial Analyst,hard
finance_build_forecast,How do you approach building a financial forecast?,finance,historical data analysis|key assumptions|scenario planning|review cadence,Financial Analyst,medium
finance_breakeven_analysis,What is a break-even analysis and when would you use it?,finance,fixed vs variable costs|break-even point formula|decision-making use case,Financial Analyst,medium
finance_roi_evaluation,How do you evaluate the ROI of a capital investment?,finance,cost vs expected return|payback period|NPV or IRR|risk assessment,Financial Analyst,hard
finance_audit_discrepancy,Describe a time you identified a discrepancy during an audit.,finance,situation|investigation process|resolution|process improvement made,Financial Analyst,hard
finance_gross_vs_net_margin_diff,What is the difference between gross margin and net margin?,finance,revenue minus COGS vs all expenses deducted|different layers of profitability|use cases for each,Financial Analyst,easy
finance_cash_flow_rapid_growth,How do you manage cash flow during a period of rapid growth?,finance,working capital management|receivables/payables timing|forecastingrate Counsel,hard
medical_triage_prioritization,How do you prioritize patient care during an emergency department triage?,medical,emergency severity index (esi)|vital signs assessment|airway/breathing/circulation (abcs)|chief complaint evaluation|resource allocation,Registered Nurse,hard
medical_informed_consent_role,What is the healthcare provider's role in obtaining informed consent?,medical,explaining risks and benefits|verifying patient understanding|voluntary consent|patient competence|documentation requirements,Registered Nurse,medium
medical_hipaa_patient_privacy,How do you ensure HIPAA compliance when handling sensitive patient health information?,medical,protected health information (phi)|need-to-know access|secure communication channels|minimum necessary standard|patient disclosure rights,Registered Nurse,easy
medical_medication_error_prevention,What steps do you take to prevent medication administration errors?,medical,five rights of medication administration|patient identification checks|dosage verification|high-alert medication protocols|incident reporting,Registered Nurse,medium
medical_difficult_family_communication,How do you handle communication with a distressed or angry family member of a patient?,medical,de-escalation techniques|empathic listening|clear objective status updates|setting boundaries|interdisciplinary support,Registered Nurse,medium